0.3,0.35,0.4,0.45,0.5,0.6,0.7,0.8,0.85,0.9
-180,-0.0331,0.006,-0.032,6.00E-03,-0.031,6.00E-03,-0.034,6.00E-03,-0.037,6.00E-03,-0.038,6.00E-03,-0.041,6.00E-03,-0.051,6.00E-03,-0.049,6.00E-03,-0.022,6.00E-03
-179,0.0536,0.0065,0.055,6.50E-03,0.055,6.50E-03,0.051,6.50E-03,0.047,6.60E-03,0.044,6.60E-03,0.037,6.60E-03,0.025,6.60E-03,0.018,6.60E-03,0.021,6.60E-03
-178,0.1351,0.0081,0.137,8.10E-03,0.133,8.10E-03,0.128,8.20E-03,0.123,8.20E-03,0.114,8.30E-03,0.103,8.30E-03,0.089,8.40E-03,0.074,8.40E-03,0.064,8.50E-03
-177,0.2049,0.0107,0.206,0.011,0.197,0.011,0.192,0.011,0.184,0.011,0.17,0.011,0.155,0.011,0.14,0.011,0.12,0.011,0.107,0.012
-176,0.2568,0.0143,0.258,0.014,0.244,0.015,0.238,0.015,0.228,0.015,0.212,0.015,0.196,0.015,0.18,0.016,0.16,0.016,0.15,0.016
-175,0.29,0.019,0.291,0.019,0.276,0.019,0.269,0.02,0.259,0.02,0.243,0.02,0.228,0.021,0.213,0.021,0.195,0.021,0.191,0.021
-174,0.3091,0.0247,0.31,0.025,0.296,0.025,0.29,0.025,0.282,0.026,0.268,0.026,0.255,0.027,0.242,0.027,0.228,0.028,0.232,0.028
-173,0.321,0.0314,0.322,0.031,0.312,0.032,0.307,0.032,0.3,0.033,0.29,0.034,0.28,0.034,0.269,0.035,0.26,0.035,0.271,0.036
-172,0.331,0.0391,0.332,0.039,0.326,0.04,0.322,0.04,0.317,0.041,0.311,0.042,0.305,0.043,0.295,0.044,0.29,0.044,0.309,0.045
-171,0.342,0.0478,0.343,0.048,0.342,0.049,0.339,0.05,0.335,0.05,0.333,0.052,0.329,0.053,0.321,0.054,0.321,0.054,0.344,0.055
-170,0.3551,0.0575,0.357,0.058,0.358,0.059,0.356,0.06,0.354,0.061,0.355,0.062,0.354,0.064,0.348,0.065,0.351,0.066,0.378,0.067
-169,0.3704,0.0681,0.372,0.068,0.377,0.07,0.375,0.071,0.375,0.072,0.378,0.074,0.379,0.075,0.374,0.077,0.381,0.078,0.411,0.079
-168,0.3875,0.0798,0.389,0.08,0.396,0.082,0.396,0.083,0.396,0.084,0.401,0.086,0.404,0.088,0.4,0.091,0.411,0.091,0.442,0.093
-167,0.4061,0.0923,0.408,0.092,0.417,0.095,0.417,0.096,0.418,0.097,0.425,0.1,0.429,0.102,0.426,0.105,0.44,0.106,0.473,0.108
-166,0.4256,0.1058,0.427,0.106,0.438,0.109,0.438,0.11,0.44,0.112,0.449,0.115,0.454,0.117,0.452,0.12,0.469,0.122,0.504,0.123
-165,0.4457,0.1202,0.448,0.12,0.46,0.124,0.46,0.125,0.463,0.127,0.473,0.13,0.479,0.134,0.477,0.137,0.498,0.138,0.533,0.14
-164,0.4661,0.1355,0.468,0.136,0.482,0.139,0.482,0.141,0.485,0.143,0.497,0.147,0.504,0.151,0.502,0.155,0.526,0.156,0.562,0.158
-163,0.4866,0.1516,0.489,0.152,0.503,0.156,0.504,0.158,0.508,0.16,0.52,0.165,0.528,0.169,0.527,0.173,0.553,0.175,0.591,0.177
-162,0.507,0.1687,0.509,0.169,0.525,0.173,0.526,0.175,0.53,0.178,0.543,0.183,0.551,0.188,0.55,0.193,0.58,0.194,0.618,0.197
-161,0.527,0.1865,0.529,0.187,0.546,0.192,0.547,0.194,0.551,0.197,0.565,0.202,0.574,0.208,0.574,0.213,0.606,0.215,0.645,0.218
-160,0.5466,0.2051,0.549,0.205,0.566,0.211,0.568,0.213,0.572,0.217,0.587,0.223,0.597,0.229,0.596,0.234,0.631,0.237,0.671,0.24
-159,0.5657,0.2246,0.568,0.225,0.586,0.231,0.588,0.234,0.592,0.237,0.608,0.244,0.618,0.25,0.617,0.257,0.656,0.259,0.697,0.263
-158,0.5841,0.2448,0.587,0.245,0.606,0.252,0.607,0.255,0.612,0.259,0.628,0.266,0.638,0.273,0.638,0.28,0.679,0.283,0.721,0.287
-157,0.6019,0.2657,0.604,0.266,0.624,0.273,0.625,0.276,0.63,0.281,0.647,0.289,0.658,0.296,0.657,0.304,0.702,0.307,0.744,0.311
-156,0.6189,0.2873,0.621,0.287,0.642,0.296,0.643,0.299,0.648,0.304,0.666,0.312,0.677,0.32,0.676,0.329,0.724,0.332,0.767,0.337
-155,0.6351,0.3096,0.638,0.31,0.659,0.319,0.66,0.322,0.665,0.328,0.683,0.336,0.695,0.345,0.693,0.354,0.744,0.358,0.788,0.363
-154,0.6504,0.3326,0.653,0.333,0.675,0.342,0.676,0.346,0.681,0.352,0.7,0.361,0.711,0.371,0.71,0.381,0.764,0.385,0.809,0.39
-153,0.6649,0.3562,0.667,0.356,0.69,0.367,0.691,0.371,0.696,0.377,0.715,0.387,0.727,0.397,0.725,0.408,0.782,0.412,0.828,0.418
-152,0.6784,0.3804,0.681,0.38,0.704,0.391,0.705,0.396,0.71,0.402,0.73,0.413,0.742,0.425,0.739,0.436,0.799,0.44,0.846,0.446
-151,0.691,0.4052,0.694,0.405,0.717,0.417,0.718,0.422,0.723,0.429,0.743,0.44,0.755,0.452,0.752,0.464,0.815,0.469,0.863,0.476
-150,0.7026,0.4305,0.705,0.43,0.729,0.443,0.73,0.448,0.735,0.455,0.756,0.468,0.768,0.48,0.765,0.493,0.83,0.498,0.878,0.505
-149,0.7133,0.4562,0.716,0.456,0.74,0.469,0.741,0.475,0.746,0.483,0.767,0.496,0.779,0.509,0.775,0.523,0.844,0.528,0.893,0.536
-148,0.7229,0.4825,0.726,0.483,0.75,0.497,0.751,0.502,0.756,0.511,0.777,0.525,0.789,0.539,0.785,0.553,0.857,0.558,0.906,0.567
-147,0.7315,0.5092,0.734,0.509,0.759,0.524,0.76,0.53,0.765,0.539,0.786,0.554,0.798,0.569,0.794,0.583,0.868,0.589,0.918,0.598
-146,0.7391,0.5364,0.742,0.536,0.767,0.552,0.768,0.558,0.773,0.568,0.794,0.583,0.806,0.599,0.801,0.615,0.878,0.621,0.929,0.63
-145,0.7456,0.5639,0.749,0.564,0.774,0.58,0.774,0.587,0.779,0.597,0.801,0.613,0.813,0.63,0.808,0.646,0.887,0.653,0.938,0.662
-144,0.7511,0.5917,0.754,0.592,0.78,0.609,0.78,0.616,0.785,0.626,0.807,0.643,0.819,0.661,0.813,0.678,0.895,0.685,0.946,0.695
-143,0.7556,0.6198,0.759,0.62,0.784,0.638,0.785,0.645,0.789,0.656,0.812,0.674,0.823,0.692,0.817,0.71,0.901,0.718,0.953,0.728
-142,0.759,0.6483,0.762,0.648,0.788,0.667,0.788,0.675,0.793,0.686,0.815,0.705,0.826,0.724,0.82,0.743,0.906,0.751,0.958,0.762
-141,0.7614,0.6769,0.764,0.677,0.79,0.697,0.791,0.705,0.795,0.717,0.817,0.736,0.829,0.756,0.821,0.776,0.91,0.784,0.963,0.796
-140,0.7627,0.7058,0.766,0.706,0.792,0.726,0.792,0.735,0.796,0.747,0.819,0.768,0.83,0.788,0.822,0.809,0.913,0.817,0.965,0.83
-139,0.763,0.7348,0.766,0.735,0.792,0.756,0.792,0.765,0.796,0.778,0.819,0.799,0.829,0.821,0.821,0.842,0.914,0.851,0.967,0.864
-138,0.7622,0.764,0.765,0.764,0.791,0.786,0.791,0.795,0.795,0.809,0.818,0.831,0.828,0.854,0.82,0.876,0.914,0.885,0.967,0.898
-137,0.7604,0.7932,0.764,0.793,0.79,0.816,0.789,0.826,0.793,0.84,0.815,0.863,0.826,0.886,0.817,0.909,0.913,0.919,0.966,0.932
-136,0.7577,0.8225,0.761,0.822,0.787,0.847,0.786,0.856,0.79,0.871,0.812,0.895,0.822,0.919,0.813,0.943,0.911,0.953,0.963,0.967
-135,0.7539,0.8519,0.757,0.852,0.783,0.877,0.782,0.887,0.786,0.902,0.808,0.927,0.818,0.952,0.808,0.977,0.907,0.987,0.96,1.002
-134,0.7491,0.8812,0.752,0.881,0.778,0.907,0.777,0.917,0.781,0.933,0.803,0.959,0.812,0.985,0.802,1.011,0.902,1.021,0.955,1.036
-133,0.7433,0.9105,0.747,0.911,0.772,0.937,0.771,0.948,0.775,0.964,0.796,0.991,0.806,1.018,0.795,1.044,0.896,1.055,0.948,1.071
-132,0.7365,0.9397,0.74,0.94,0.765,0.967,0.764,0.978,0.767,0.995,0.789,1.023,0.798,1.05,0.787,1.078,0.889,1.089,0.941,1.105
-131,0.7288,0.9688,0.732,0.969,0.757,0.997,0.756,1.009,0.759,1.026,0.78,1.054,0.789,1.083,0.778,1.111,0.88,1.123,0.932,1.139
-130,0.7202,0.9977,0.724,0.998,0.748,1.027,0.747,1.039,0.75,1.056,0.771,1.086,0.78,1.115,0.768,1.145,0.871,1.156,0.922,1.173
-129,0.7106,1.0265,0.714,1.026,0.738,1.057,0.737,1.069,0.74,1.087,0.761,1.117,0.769,1.147,0.757,1.178,0.86,1.19,0.911,1.207
-128,0.7002,1.055,0.703,1.055,0.728,1.086,0.726,1.099,0.729,1.117,0.749,1.148,0.757,1.179,0.745,1.21,0.848,1.223,0.898,1.241
-127,0.6888,1.0833,0.692,1.083,0.716,1.115,0.715,1.128,0.717,1.147,0.737,1.179,0.745,1.211,0.732,1.243,0.835,1.256,0.884,1.274
-126,0.6766,1.1113,0.68,1.111,0.703,1.144,0.702,1.157,0.704,1.177,0.724,1.21,0.731,1.242,0.719,1.275,0.821,1.288,0.87,1.307
-125,0.6636,1.139,0.667,1.139,0.69,1.173,0.688,1.186,0.69,1.206,0.71,1.24,0.717,1.273,0.704,1.307,0.806,1.32,0.854,1.34
-124,0.6497,1.1663,0.653,1.166,0.675,1.201,0.674,1.214,0.676,1.235,0.695,1.269,0.702,1.304,0.689,1.338,0.79,1.352,0.837,1.372
-123,0.6351,1.1932,0.638,1.193,0.66,1.228,0.659,1.242,0.66,1.264,0.679,1.299,0.685,1.334,0.673,1.369,0.772,1.383,0.819,1.404
-122,0.6197,1.2197,0.623,1.22,0.644,1.256,0.643,1.27,0.644,1.292,0.662,1.328,0.668,1.364,0.656,1.399,0.754,1.414,0.799,1.435
-121,0.6035,1.2458,0.606,1.246,0.627,1.282,0.626,1.297,0.627,1.319,0.645,1.356,0.651,1.393,0.638,1.43,0.735,1.444,0.779,1.466
-120,0.5866,1.2713,0.59,1.271,0.61,1.309,0.608,1.324,0.61,1.346,0.627,1.384,0.632,1.421,0.62,1.459,0.715,1.474,0.758,1.496
-119,0.569,1.2964,0.572,1.296,0.592,1.335,0.59,1.35,0.591,1.373,0.608,1.411,0.613,1.449,0.601,1.488,0.694,1.503,0.736,1.525
-118,0.5508,1.3209,0.554,1.321,0.573,1.36,0.571,1.375,0.572,1.399,0.588,1.438,0.593,1.477,0.581,1.516,0.672,1.531,0.713,1.554
-117,0.5319,1.3448,0.535,1.345,0.553,1.385,0.551,1.4,0.553,1.424,0.568,1.464,0.573,1.504,0.561,1.543,0.648,1.559,0.689,1.582
-116,0.5124,1.3681,0.515,1.368,0.533,1.409,0.531,1.425,0.532,1.449,0.547,1.489,0.552,1.53,0.54,1.57,0.625,1.586,0.664,1.61
-115,0.4923,1.3908,0.495,1.391,0.512,1.432,0.51,1.448,0.511,1.473,0.525,1.514,0.53,1.555,0.517,1.596,0.601,1.613,0.639,1.636
-114,0.4717,1.4128,0.474,1.413,0.491,1.455,0.489,1.471,0.49,1.496,0.502,1.538,0.506,1.58,0.495,1.621,0.576,1.638,0.612,1.662
-113,0.4505,1.4342,0.453,1.434,0.469,1.477,0.467,1.494,0.467,1.519,0.48,1.561,0.483,1.604,0.472,1.646,0.55,1.663,0.585,1.688
-112,0.4288,1.4548,0.431,1.455,0.445,1.498,0.444,1.515,0.444,1.541,0.457,1.584,0.46,1.627,0.449,1.67,0.524,1.687,0.557,1.712
-111,0.4057,1.4747,0.408,1.475,0.422,1.518,0.421,1.536,0.421,1.562,0.433,1.605,0.436,1.649,0.426,1.693,0.497,1.71,0.524,1.735
-110,0.3831,1.4938,0.385,1.494,0.399,1.538,0.397,1.556,0.398,1.582,0.409,1.626,0.412,1.671,0.402,1.715,0.47,1.732,0.495,1.758
-109,0.3601,1.5122,0.362,1.512,0.375,1.557,0.373,1.575,0.374,1.602,0.384,1.646,0.387,1.691,0.378,1.736,0.442,1.754,0.465,1.779
-108,0.3368,1.5297,0.339,1.53,0.351,1.575,0.349,1.593,0.35,1.62,0.359,1.665,0.362,1.711,0.353,1.756,0.414,1.774,0.434,1.8
-107,0.3131,1.5465,0.315,1.546,0.326,1.592,0.325,1.611,0.325,1.638,0.334,1.684,0.336,1.729,0.328,1.775,0.385,1.793,0.404,1.82
-106,0.2891,1.5623,0.291,1.562,0.301,1.609,0.3,1.627,0.3,1.655,0.308,1.701,0.311,1.747,0.303,1.793,0.355,1.812,0.373,1.838
-105,0.2648,1.5773,0.266,1.577,0.276,1.624,0.275,1.643,0.275,1.671,0.282,1.717,0.284,1.764,0.277,1.811,0.326,1.829,0.341,1.856
-104,0.2402,1.5915,0.241,1.591,0.25,1.639,0.249,1.657,0.249,1.686,0.256,1.733,0.258,1.78,0.252,1.827,0.296,1.846,0.309,1.873
-103,0.2154,1.6047,0.217,1.605,0.224,1.652,0.223,1.671,0.224,1.7,0.23,1.747,0.231,1.795,0.226,1.842,0.265,1.861,0.277,1.888
-102,0.1904,1.617,0.191,1.617,0.198,1.665,0.198,1.684,0.198,1.713,0.203,1.761,0.205,1.808,0.2,1.856,0.235,1.875,0.244,1.903
-101,0.1652,1.6284,0.166,1.628,0.172,1.677,0.171,1.696,0.172,1.725,0.176,1.773,0.178,1.821,0.173,1.869,0.204,1.889,0.211,1.916
-100,0.1399,1.6388,0.141,1.639,0.146,1.687,0.145,1.707,0.145,1.736,0.149,1.784,0.15,1.833,0.147,1.881,0.173,1.901,0.178,1.928
-99,0.1144,1.6483,0.115,1.648,0.119,1.697,0.119,1.717,0.119,1.746,0.122,1.795,0.123,1.843,0.12,1.892,0.142,1.912,0.144,1.939
-98,0.0889,1.6568,0.089,1.657,0.093,1.706,0.092,1.726,0.093,1.755,0.095,1.804,0.096,1.853,0.094,1.902,0.11,1.922,0.111,1.949
-97,0.0633,1.6644,0.064,1.664,0.066,1.714,0.066,1.733,0.066,1.763,0.068,1.812,0.068,1.861,0.067,1.911,0.079,1.93,0.077,1.958
-96,0.0377,1.6709,0.038,1.671,0.039,1.72,0.039,1.74,0.04,1.77,0.041,1.819,0.041,1.869,0.04,1.918,0.048,1.938,0.044,1.966
-95,0.0121,1.6765,0.012,1.677,0.013,1.726,0.013,1.746,0.013,1.776,0.013,1.825,0.014,1.875,0.014,1.925,0.016,1.944,0.01,1.972
-94,-0.0134,1.681,-0.014,1.681,-0.014,1.731,-0.014,1.751,-0.013,1.781,-0.014,1.83,-0.014,1.88,-0.013,1.93,-0.015,1.95,-0.023,1.978
-93,-0.0389,1.6846,-0.039,1.685,-0.04,1.734,-0.04,1.754,-0.04,1.784,-0.041,1.834,-0.041,1.884,-0.039,1.934,-0.047,1.954,-0.057,1.982
-92,-0.0643,1.6871,-0.065,1.687,-0.067,1.737,-0.066,1.757,-0.066,1.787,-0.068,1.837,-0.068,1.887,-0.066,1.937,-0.078,1.957,-0.09,1.985
-91,-0.0896,1.6886,-0.09,1.689,-0.093,1.739,-0.092,1.759,-0.092,1.789,-0.095,1.839,-0.095,1.889,-0.092,1.939,-0.109,1.959,-0.124,1.986
-90,-0.1147,1.6891,-0.116,1.689,-0.119,1.739,-0.119,1.759,-0.118,1.789,-0.122,1.839,-0.122,1.889,-0.118,1.939,-0.14,1.959,-0.157,1.987
-89,-0.1397,1.6886,-0.141,1.689,-0.145,1.739,-0.144,1.759,-0.144,1.789,-0.148,1.839,-0.149,1.889,-0.144,1.939,-0.171,1.959,-0.19,1.986
-88,-0.1645,1.6871,-0.166,1.687,-0.171,1.737,-0.17,1.757,-0.17,1.787,-0.175,1.837,-0.175,1.887,-0.17,1.937,-0.201,1.957,-0.222,1.984
-87,-0.189,1.6845,-0.19,1.685,-0.197,1.734,-0.195,1.754,-0.195,1.784,-0.201,1.834,-0.202,1.884,-0.195,1.934,-0.231,1.954,-0.254,1.981
-86,-0.2133,1.681,-0.215,1.681,-0.222,1.731,-0.221,1.751,-0.22,1.781,-0.227,1.83,-0.228,1.88,-0.221,1.93,-0.261,1.95,-0.286,1.977
-85,-0.2373,1.6764,-0.239,1.676,-0.247,1.726,-0.245,1.746,-0.245,1.776,-0.252,1.825,-0.253,1.875,-0.246,1.925,-0.291,1.944,-0.318,1.971
-84,-0.2611,1.6709,-0.263,1.671,-0.272,1.72,-0.27,1.74,-0.27,1.77,-0.277,1.819,-0.279,1.869,-0.27,1.918,-0.32,1.938,-0.349,1.965
-83,-0.2845,1.6643,-0.286,1.664,-0.296,1.714,-0.294,1.733,-0.294,1.763,-0.302,1.812,-0.304,1.861,-0.295,1.911,-0.348,1.93,-0.38,1.957
-82,-0.3075,1.6568,-0.309,1.657,-0.32,1.706,-0.318,1.726,-0.318,1.755,-0.327,1.804,-0.329,1.853,-0.319,1.902,-0.377,1.922,-0.41,1.948
-81,-0.3302,1.6482,-0.332,1.648,-0.344,1.697,-0.342,1.717,-0.341,1.746,-0.351,1.795,-0.353,1.843,-0.343,1.892,-0.404,1.912,-0.44,1.938
-80,-0.3525,1.6388,-0.355,1.639,-0.367,1.687,-0.365,1.707,-0.365,1.736,-0.375,1.784,-0.377,1.833,-0.366,1.881,-0.432,1.901,-0.469,1.926
-79,-0.3744,1.6283,-0.377,1.628,-0.389,1.677,-0.387,1.696,-0.387,1.725,-0.398,1.773,-0.4,1.821,-0.389,1.869,-0.458,1.889,-0.497,1.914
-78,-0.3958,1.6169,-0.398,1.617,-0.412,1.665,-0.409,1.684,-0.409,1.713,-0.421,1.76,-0.423,1.808,-0.411,1.856,-0.484,1.875,-0.525,1.9
-77,-0.4168,1.6046,-0.419,1.605,-0.434,1.652,-0.431,1.671,-0.431,1.7,-0.443,1.747,-0.446,1.795,-0.433,1.842,-0.51,1.861,-0.553,1.886
-76,-0.4372,1.5914,-0.44,1.591,-0.455,1.639,-0.452,1.657,-0.452,1.686,-0.465,1.733,-0.468,1.78,-0.455,1.827,-0.535,1.846,-0.579,1.87
-75,-0.4572,1.5772,-0.46,1.577,-0.476,1.624,-0.473,1.643,-0.473,1.671,-0.486,1.717,-0.489,1.764,-0.476,1.811,-0.559,1.829,-0.605,1.853
-74,-0.4767,1.5622,-0.48,1.562,-0.496,1.609,-0.493,1.627,-0.493,1.655,-0.507,1.701,-0.51,1.747,-0.496,1.793,-0.583,1.812,-0.631,1.835
-73,-0.4956,1.5463,-0.499,1.546,-0.515,1.592,-0.513,1.611,-0.513,1.638,-0.527,1.684,-0.531,1.729,-0.516,1.775,-0.606,1.793,-0.655,1.816
-72,-0.514,1.5296,-0.517,1.53,-0.535,1.575,-0.532,1.593,-0.532,1.62,-0.547,1.665,-0.551,1.711,-0.536,1.756,-0.628,1.774,-0.679,1.796
-71,-0.5318,1.512,-0.535,1.512,-0.553,1.557,-0.55,1.575,-0.551,1.602,-0.566,1.646,-0.57,1.691,-0.555,1.736,-0.65,1.754,-0.702,1.776
-70,-0.549,1.4937,-0.552,1.494,-0.571,1.538,-0.568,1.556,-0.569,1.582,-0.584,1.626,-0.588,1.67,-0.573,1.715,-0.67,1.732,-0.724,1.754
-69,-0.5656,1.4745,-0.569,1.474,-0.588,1.518,-0.585,1.536,-0.586,1.562,-0.602,1.605,-0.606,1.649,-0.591,1.693,-0.69,1.71,-0.745,1.731
-68,-0.5816,1.4546,-0.585,1.455,-0.605,1.498,-0.602,1.515,-0.602,1.541,-0.619,1.584,-0.624,1.627,-0.608,1.67,-0.71,1.687,-0.766,1.707
-67,-0.597,1.434,-0.6,1.434,-0.621,1.476,-0.618,1.494,-0.618,1.519,-0.636,1.561,-0.64,1.604,-0.625,1.646,-0.728,1.663,-0.785,1.683
-66,-0.6116,1.4126,-0.615,1.413,-0.636,1.454,-0.633,1.471,-0.634,1.496,-0.651,1.538,-0.656,1.58,-0.64,1.621,-0.745,1.638,-0.804,1.657
-65,-0.6257,1.3906,-0.629,1.391,-0.65,1.432,-0.648,1.448,-0.648,1.473,-0.667,1.514,-0.671,1.555,-0.655,1.596,-0.762,1.613,-0.822,1.631
-64,-0.639,1.3679,-0.642,1.368,-0.664,1.409,-0.661,1.425,-0.662,1.449,-0.681,1.489,-0.686,1.53,-0.67,1.57,-0.778,1.586,-0.839,1.604
-63,-0.6516,1.3445,-0.655,1.345,-0.677,1.384,-0.675,1.4,-0.675,1.424,-0.694,1.464,-0.7,1.504,-0.684,1.543,-0.793,1.559,-0.855,1.577
-62,-0.6636,1.3206,-0.667,1.321,-0.689,1.36,-0.687,1.375,-0.688,1.399,-0.707,1.438,-0.713,1.477,-0.697,1.516,-0.807,1.531,-0.87,1.548
-61,-0.6748,1.2961,-0.678,1.296,-0.701,1.335,-0.699,1.35,-0.7,1.373,-0.719,1.411,-0.725,1.449,-0.709,1.488,-0.82,1.503,-0.884,1.519
-60,-0.6853,1.271,-0.689,1.271,-0.712,1.309,-0.709,1.324,-0.711,1.346,-0.731,1.384,-0.737,1.421,-0.721,1.459,-0.832,1.474,-0.897,1.489
-59,-0.695,1.2454,-0.699,1.245,-0.722,1.282,-0.72,1.297,-0.721,1.319,-0.741,1.356,-0.747,1.393,-0.732,1.429,-0.843,1.444,-0.909,1.459
-58,-0.704,1.2194,-0.708,1.219,-0.731,1.256,-0.729,1.27,-0.73,1.292,-0.751,1.327,-0.757,1.363,-0.742,1.399,-0.853,1.414,-0.92,1.428
-57,-0.7123,1.1929,-0.716,1.193,-0.74,1.228,-0.737,1.242,-0.739,1.264,-0.76,1.299,-0.766,1.334,-0.751,1.369,-0.863,1.383,-0.93,1.396
-56,-0.7198,1.1659,-0.724,1.166,-0.747,1.201,-0.745,1.214,-0.747,1.235,-0.768,1.269,-0.775,1.304,-0.76,1.338,-0.871,1.352,-0.939,1.364
-55,-0.7265,1.1386,-0.73,1.139,-0.754,1.172,-0.752,1.186,-0.754,1.206,-0.775,1.24,-0.782,1.273,-0.767,1.307,-0.879,1.32,-0.947,1.332
-54,-0.7324,1.1109,-0.736,1.111,-0.76,1.144,-0.758,1.157,-0.76,1.177,-0.781,1.209,-0.789,1.242,-0.774,1.275,-0.885,1.288,-0.954,1.299
-53,-0.7376,1.0829,-0.741,1.083,-0.765,1.115,-0.763,1.128,-0.766,1.147,-0.787,1.179,-0.795,1.211,-0.781,1.243,-0.89,1.255,-0.96,1.266
-52,-0.7419,1.0546,-0.746,1.055,-0.77,1.086,-0.768,1.098,-0.77,1.117,-0.792,1.148,-0.8,1.179,-0.786,1.21,-0.895,1.222,-0.965,1.232
-51,-0.7455,1.026,-0.749,1.026,-0.773,1.057,-0.772,1.069,-0.774,1.087,-0.796,1.117,-0.804,1.147,-0.79,1.177,-0.898,1.189,-0.969,1.198
-50,-0.7483,0.9973,-0.752,0.997,-0.776,1.027,-0.774,1.039,-0.777,1.056,-0.799,1.086,-0.807,1.115,-0.794,1.144,-0.901,1.156,-0.972,1.164
-49,-0.7503,0.9683,-0.754,0.968,-0.778,0.997,-0.776,1.008,-0.779,1.026,-0.801,1.054,-0.81,1.083,-0.797,1.111,-0.902,1.122,-0.973,1.129
-48,-0.7514,0.9392,-0.755,0.939,-0.779,0.967,-0.778,0.978,-0.781,0.995,-0.802,1.022,-0.811,1.05,-0.799,1.078,-0.903,1.089,-0.974,1.095
-47,-0.7518,0.9099,-0.755,0.91,-0.779,0.937,-0.778,0.948,-0.781,0.964,-0.803,0.991,-0.812,1.017,-0.8,1.044,-0.902,1.055,-0.974,1.06
-46,-0.7514,0.8806,-0.755,0.881,-0.779,0.907,-0.778,0.917,-0.781,0.933,-0.803,0.959,-0.812,0.985,-0.8,1.01,-0.901,1.021,-0.973,1.025
-45,-0.7502,0.8512,-0.754,0.851,-0.777,0.877,-0.776,0.887,-0.78,0.902,-0.801,0.927,-0.811,0.952,-0.8,0.977,-0.898,0.987,-0.971,0.99
-44,-0.7481,0.8219,-0.752,0.822,-0.775,0.846,-0.774,0.856,-0.777,0.871,-0.799,0.895,-0.809,0.919,-0.798,0.943,-0.895,0.953,-0.967,0.955
-43,-0.7453,0.7925,-0.749,0.792,-0.772,0.816,-0.771,0.826,-0.774,0.839,-0.796,0.863,-0.806,0.886,-0.796,0.909,-0.89,0.919,-0.963,0.92
-42,-0.7417,0.7632,-0.745,0.763,-0.768,0.786,-0.767,0.795,-0.771,0.809,-0.792,0.831,-0.802,0.853,-0.793,0.876,-0.885,0.884,-0.958,0.885
-41,-0.7373,0.734,-0.741,0.734,-0.763,0.756,-0.763,0.765,-0.766,0.778,-0.788,0.799,-0.798,0.821,-0.789,0.842,-0.878,0.851,-0.952,0.85
-40,-0.7321,0.705,-0.735,0.705,-0.757,0.726,-0.757,0.735,-0.761,0.747,-0.782,0.767,-0.792,0.788,-0.784,0.809,-0.871,0.817,-0.944,0.816
-39,-0.7261,0.6761,-0.729,0.676,-0.751,0.696,-0.751,0.704,-0.755,0.716,-0.776,0.736,-0.786,0.756,-0.778,0.776,-0.863,0.784,-0.936,0.781
-38,-0.7193,0.6474,-0.723,0.647,-0.744,0.667,-0.744,0.675,-0.748,0.686,-0.768,0.705,-0.779,0.724,-0.771,0.743,-0.853,0.75,-0.927,0.747
-37,-0.7118,0.6189,-0.715,0.619,-0.735,0.638,-0.736,0.645,-0.74,0.656,-0.76,0.674,-0.771,0.692,-0.764,0.71,-0.843,0.717,-0.917,0.713
-36,-0.7035,0.5907,-0.707,0.591,-0.727,0.609,-0.727,0.616,-0.731,0.626,-0.751,0.643,-0.762,0.66,-0.755,0.678,-0.832,0.684,-0.906,0.679
-35,-0.6945,0.5628,-0.697,0.563,-0.717,0.58,-0.717,0.587,-0.721,0.596,-0.742,0.613,-0.752,0.629,-0.746,0.646,-0.82,0.652,-0.894,0.646
-34,-0.6848,0.5352,-0.688,0.535,-0.706,0.552,-0.707,0.558,-0.711,0.567,-0.731,0.583,-0.742,0.599,-0.736,0.614,-0.807,0.62,-0.881,0.613
-33,-0.6743,0.5081,-0.677,0.508,-0.695,0.524,-0.696,0.53,-0.7,0.538,-0.72,0.553,-0.73,0.568,-0.725,0.583,-0.793,0.589,-0.868,0.58
-32,-0.6631,0.4813,-0.666,0.481,-0.683,0.496,-0.684,0.502,-0.688,0.51,-0.707,0.524,-0.718,0.538,-0.713,0.552,-0.779,0.558,-0.854,0.548
-31,-0.6512,0.4549,-0.654,0.455,-0.67,0.469,-0.671,0.474,-0.675,0.482,-0.694,0.496,-0.705,0.509,-0.701,0.522,-0.763,0.527,-0.838,0.517
-30,-0.6387,0.4291,-0.641,0.429,-0.657,0.442,-0.658,0.447,-0.662,0.455,-0.68,0.467,-0.691,0.48,-0.687,0.492,-0.747,0.497,-0.822,0.486
-29,-0.6255,0.4037,-0.628,0.404,-0.643,0.416,-0.644,0.421,-0.648,0.428,-0.666,0.44,-0.676,0.452,-0.673,0.463,-0.73,0.468,-0.805,0.456
-28,-0.6117,0.3788,-0.614,0.379,-0.628,0.391,-0.629,0.395,-0.633,0.402,-0.651,0.413,-0.661,0.424,-0.658,0.435,-0.712,0.439,-0.788,0.426
-27,-0.5973,0.3545,-0.6,0.355,-0.612,0.366,-0.613,0.37,-0.618,0.376,-0.635,0.386,-0.645,0.397,-0.642,0.407,-0.693,0.411,-0.77,0.397
-26,-0.5823,0.3308,-0.585,0.331,-0.596,0.342,-0.597,0.345,-0.602,0.351,-0.618,0.361,-0.628,0.37,-0.626,0.38,-0.674,0.384,-0.751,0.369
-25,-0.5668,0.3077,-0.569,0.308,-0.579,0.318,-0.58,0.321,-0.585,0.327,-0.601,0.336,-0.611,0.344,-0.609,0.353,-0.654,0.357,-0.731,0.341
-24,-0.5508,0.2853,-0.553,0.285,-0.562,0.295,-0.563,0.298,-0.567,0.303,-0.583,0.311,-0.593,0.319,-0.591,0.328,-0.633,0.331,-0.711,0.314
-23,-0.5343,0.2635,-0.537,0.264,-0.544,0.273,-0.545,0.276,-0.549,0.28,-0.564,0.288,-0.574,0.295,-0.573,0.303,-0.612,0.306,-0.69,0.288
-22,-0.5175,0.2424,-0.52,0.242,-0.526,0.251,-0.527,0.254,-0.531,0.258,-0.546,0.265,-0.555,0.272,-0.554,0.279,-0.59,0.281,-0.669,0.263
-21,-0.5003,0.2221,-0.502,0.222,-0.507,0.23,-0.508,0.233,-0.512,0.236,-0.526,0.243,-0.535,0.249,-0.534,0.255,-0.567,0.258,-0.647,0.239
-20,-0.4828,0.2025,-0.485,0.203,-0.488,0.21,-0.489,0.212,-0.492,0.215,-0.506,0.221,-0.515,0.227,-0.514,0.233,-0.544,0.235,-0.624,0.216
-19,-0.4651,0.1836,-0.467,0.184,-0.468,0.191,-0.469,0.193,-0.473,0.196,-0.486,0.201,-0.495,0.206,-0.494,0.211,-0.521,0.213,-0.601,0.194
-18,-0.4474,0.1656,-0.449,0.166,-0.449,0.172,-0.45,0.174,-0.453,0.176,-0.466,0.181,-0.474,0.186,-0.473,0.19,-0.498,0.193,-0.577,0.173
-17,-0.4297,0.1483,-0.431,0.148,-0.429,0.154,-0.43,0.156,-0.433,0.158,-0.445,0.163,-0.453,0.167,-0.453,0.171,-0.474,0.173,-0.553,0.153
-16,-0.4121,0.1319,-0.414,0.132,-0.41,0.137,-0.411,0.139,-0.414,0.141,-0.425,0.145,-0.433,0.148,-0.432,0.152,-0.45,0.154,-0.528,0.134
-15,-0.3949,0.1164,-0.397,0.116,-0.391,0.121,-0.392,0.123,-0.395,0.124,-0.405,0.128,-0.413,0.131,-0.413,0.134,-0.427,0.136,-0.503,0.116
-14,-0.3783,0.1017,-0.38,0.102,-0.373,0.106,-0.374,0.107,-0.377,0.109,-0.387,0.112,-0.394,0.114,-0.394,0.117,-0.403,0.119,-0.477,0.1
-13,-0.3624,0.0879,-0.364,0.088,-0.357,0.092,-0.358,0.093,-0.361,0.094,-0.37,0.096,-0.376,0.099,-0.377,0.101,-0.381,0.103,-0.45,0.085
-12,-0.3475,0.075,-0.349,0.075,-0.344,0.078,-0.345,0.079,-0.347,0.08,-0.355,0.082,-0.361,0.084,-0.362,0.085,-0.36,0.088,-0.423,0.071
-11,-0.334,0.0631,-0.335,0.063,-0.334,0.066,-0.335,0.066,-0.338,0.067,-0.344,0.069,-0.35,0.07,-0.351,0.071,-0.34,0.074,-0.395,0.059
-10,-0.322,0.0522,-0.323,0.052,-0.331,0.054,-0.332,0.054,-0.335,0.055,-0.339,0.056,-0.344,0.057,-0.346,0.058,-0.324,0.061,-0.365,0.048
-9,-0.3117,0.0424,-0.312,0.042,-0.336,0.043,-0.338,0.043,-0.34,0.043,-0.342,0.044,-0.345,0.045,-0.348,0.045,-0.311,0.05,-0.335,0.039
-8,-0.3026,0.0337,-0.303,0.034,-0.352,0.033,-0.354,0.033,-0.355,0.033,-0.355,0.034,-0.355,0.034,-0.357,0.034,-0.302,0.039,-0.303,0.031
-7,-0.2935,0.0263,-0.294,0.026,-0.377,0.024,-0.378,0.024,-0.378,0.024,-0.373,0.025,-0.37,0.025,-0.37,0.025,-0.299,0.03,-0.269,0.025
-6,-0.2818,0.0203,-0.282,0.02,-0.396,0.018,-0.395,0.017,-0.392,0.017,-0.385,0.018,-0.378,0.018,-0.369,0.018,-0.3,0.022,-0.233,0.02
-5,-0.2627,0.0159,-0.263,0.016,-0.385,0.014,-0.379,0.014,-0.372,0.014,-0.366,0.014,-0.355,0.014,-0.336,0.014,-0.297,0.017,-0.195,0.016
-4,-0.2294,0.0132,-0.23,0.013,-0.324,0.013,-0.315,0.013,-0.305,0.013,-0.303,0.013,-0.29,0.013,-0.261,0.013,-0.276,0.013,-0.154,0.014
-3,-0.1753,0.0119,-0.177,0.012,-0.228,0.012,-0.218,0.012,-0.207,0.012,-0.206,0.012,-0.193,0.012,-0.161,0.012,-0.223,0.012,-0.111,0.012
-2,-0.085,0.008,-0.093,8.00E-03,-0.1,8.00E-03,-0.093,8.00E-03,-0.085,8.00E-03,-0.085,8.00E-03,-0.085,9.00E-03,-0.065,0.013,-0.065,0.028,-0.075,0.069
1,0.205,0.008,0.203,8.00E-03,0.2,8.00E-03,0.213,8.00E-03,0.225,8.00E-03,0.225,9.00E-03,0.245,0.013,0.285,0.03,0.185,0.049,0.09,0.08
3.5,0.46,0.01,0.453,0.01,0.446,0.01,0.466,0.01,0.485,0.01,0.485,0.015,0.494,0.031,0.425,0.068,0.298,0.081,0.22,0.108
7,0.81,0.015,0.805,0.015,0.8,0.015,0.825,0.017,0.85,0.019,0.843,0.037,0.715,0.09,0.556,0.13,0.435,0.145,0.385,0.017
9,1.035,0.018,1.022,0.021,1.01,0.023,1.005,0.027,1,0.031,0.94,0.077,0.785,0.138,0.625,0.177,0.49,0.16,0.463,0.025
11,1.21,0.022,1.205,0.028,1.2,0.036,1.192,0.047,1.186,0.058,1,0.128,0.837,0.181,0.675,0.221,0.54,0.175,0.529,0.039
12.5,1.365,0.029,1.347,0.036,1.33,0.043,1.285,0.063,1.24,0.084,1.03,0.167,0.87,0.213,0.715,0.253,0.575,0.19,0.57,0.055
14.5,1.52,0.0451,1.47,0.058,1.42,0.07,1.335,0.096,1.25,0.121,1.048,0.218,0.91,0.254,0.76,0.294,0.62,0.205,0.619,0.084
15,1.52,0.0501,1.47,0.062,1.42,0.074,1.33,0.102,1.24,0.13,1.05,0.23,0.915,0.262,0.77,0.304,0.631,0.22,0.63,0.092
16,1.5244,0.055,1.467,0.063,1.394,0.079,1.289,0.1267,1.202,0.158933333,0.983,0.268,0.883,0.292,0.789,0.334666667,0.653,0.235,0.652,0.11
17,1.5082,0.0579,1.446,0.071,1.351,0.085,1.244,0.1466,1.162,0.183247619,0.926,0.2995,0.86,0.3165,0.809,0.360166667,0.675,0.25,0.673,0.129
18,1.4753,0.075,1.412,0.081,1.298,0.095,1.194,0.1665,1.121,0.207561905,0.883,0.331,0.843,0.341,0.828,0.368,0.697,0.265,0.693,0.15
19,1.4308,0.095,1.368,0.101,1.24,0.119,1.145,0.1864,1.083,0.23187619,0.853,0.3625,0.834,0.3655,0.847,0.387611111,0.719,0.28,0.713,0.172
20,1.3798,0.1173,1.32,0.124,1.185,0.143,1.101,0.2063,1.05,0.256190476,0.834,0.394,0.83,0.39,0.866,0.404277778,0.741,0.295,0.733,0.195
21,1.327,0.1415,1.272,0.148,1.135,0.169,1.063,0.2262,1.023,0.280504762,0.824,0.4255,0.831,0.4145,0.884,0.420944444,0.762,0.31,0.753,0.22
22,1.2758,0.1673,1.226,0.173,1.091,0.196,1.031,0.2461,1.001,0.304819048,0.82,0.457,0.836,0.439,0.903,0.437611111,0.783,0.325,0.772,0.246
23,1.2285,0.1941,1.184,0.199,1.055,0.223,1.006,0.266,0.984,0.329133333,0.822,0.4885,0.844,0.4635,0.922,0.454277778,0.804,0.34,0.791,0.272
24,1.1864,0.2216,1.148,0.226,1.026,0.251,0.987,0.2859,0.972,0.353447619,0.828,0.52,0.854,0.488,0.94,0.470944444,0.825,0.355,0.81,0.3
25,1.15,0.2498,1.116,0.254,1.004,0.279,0.973,0.3058,0.964,0.377761905,0.837,0.5515,0.866,0.5125,0.959,0.487611111,0.845,0.37,0.829,0.328
26,1.1193,0.2784,1.09,0.282,0.987,0.307,0.963,0.317,0.96,0.40207619,0.848,0.583,0.88,0.537,0.977,0.504277778,0.864,0.379,0.847,0.357
27,1.094,0.3073,1.069,0.311,0.976,0.336,0.958,0.345,0.959,0.426390476,0.86,0.6145,0.894,0.5615,0.995,0.520944444,0.883,0.407,0.865,0.387
28,1.0735,0.3364,1.052,0.339,0.968,0.365,0.955,0.373,0.96,0.450704762,0.873,0.646,0.909,0.586,1.013,0.537611111,0.902,0.436,0.882,0.418
29,1.0573,0.3658,1.038,0.368,0.963,0.394,0.955,0.402,0.964,0.475019048,0.887,0.66,0.924,0.6105,1.03,0.554277778,0.92,0.466,0.899,0.449
30,1.0448,0.3955,1.028,0.398,0.961,0.423,0.957,0.431,0.968,0.499333333,0.902,0.674,0.94,0.635,1.047,0.570944444,0.937,0.496,0.916,0.481
31,1.0354,0.4253,1.021,0.427,0.962,0.453,0.961,0.461,0.974,0.523647619,0.916,0.688,0.955,0.6595,1.063,0.587611111,0.954,0.527,0.932,0.514
32,1.0286,0.4553,1.016,0.457,0.963,0.483,0.966,0.491,0.981,0.547961905,0.931,0.702,0.97,0.684,1.079,0.604277778,0.97,0.558,0.947,0.547
33,1.0239,0.4856,1.013,0.487,0.967,0.513,0.971,0.521,0.988,0.57227619,0.945,0.716,0.985,0.7085,1.094,0.620944444,0.985,0.59,0.962,0.58
34,1.0209,0.516,1.011,0.517,0.971,0.543,0.977,0.551,0.996,0.596590476,0.959,0.73,0.999,0.733,1.108,0.637611111,0.999,0.623,0.975,0.614
35,1.0193,0.5465,1.01,0.548,0.975,0.574,0.984,0.582,1.003,0.620904762,0.972,0.744,1.013,0.7575,1.122,0.639,1.013,0.656,0.988,0.648
36,1.0187,0.5773,1.01,0.578,0.98,0.605,0.99,0.613,1.011,0.645219048,0.985,0.758,1.026,0.782,1.135,0.672,1.026,0.689,1.001,0.683
37,1.0188,0.6082,1.011,0.609,0.985,0.636,0.997,0.644,1.019,0.655,0.997,0.772,1.039,0.8065,1.147,0.706,1.037,0.723,1.012,0.718
38,1.0194,0.6392,1.012,0.64,0.991,0.667,1.003,0.675,1.026,0.687,1.008,0.786,1.05,0.831,1.158,0.74,1.048,0.757,1.023,0.754
39,1.0204,0.6704,1.014,0.671,0.996,0.698,1.009,0.707,1.033,0.719,1.019,0.8,1.061,0.8555,1.169,0.774,1.058,0.791,1.032,0.789
40,1.0215,0.7016,1.016,0.702,1,0.73,1.015,0.739,1.039,0.751,1.028,0.814,1.071,0.88,1.178,0.809,1.067,0.826,1.041,0.825
41,1.0226,0.7329,1.017,0.733,1.005,0.761,1.02,0.771,1.045,0.784,1.037,0.828,1.081,0.9045,1.187,0.843,1.075,0.861,1.049,0.861
42,1.0235,0.7643,1.018,0.765,1.009,0.793,1.025,0.803,1.05,0.816,1.045,0.842,1.089,0.929,1.194,0.878,1.082,0.896,1.056,0.897
43,1.0241,0.7957,1.019,0.796,1.012,0.825,1.029,0.835,1.055,0.849,1.052,0.856,1.096,0.9535,1.201,0.913,1.088,0.931,1.061,0.934
44,1.0244,0.827,1.02,0.827,1.015,0.857,1.032,0.867,1.058,0.882,1.058,0.912,1.102,0.978,1.206,0.948,1.093,0.966,1.066,0.97
45,1.0242,0.8584,1.02,0.859,1.017,0.889,1.035,0.899,1.061,0.914,1.063,0.945,1.107,1.0025,1.21,0.984,1.097,1.002,1.07,1.006
46,1.0235,0.8897,1.019,0.89,1.018,0.921,1.036,0.932,1.063,0.947,1.066,0.978,1.111,1.003,1.214,1.019,1.099,1.037,1.072,1.043
47,1.0222,0.9209,1.018,0.921,1.018,0.953,1.037,0.964,1.064,0.98,1.069,1.012,1.114,1.037,1.216,1.054,1.101,1.072,1.074,1.079
48,1.0202,0.9519,1.016,0.952,1.018,0.984,1.037,0.996,1.065,1.012,1.071,1.045,1.115,1.071,1.217,1.089,1.102,1.107,1.074,1.115
49,1.0175,0.9829,1.013,0.983,1.017,1.016,1.036,1.027,1.064,1.044,1.071,1.078,1.116,1.105,1.216,1.124,1.101,1.143,1.074,1.151
50,1.0141,1.0136,1.01,1.014,1.014,1.047,1.034,1.059,1.062,1.077,1.071,1.11,1.115,1.139,1.215,1.159,1.099,1.178,1.072,1.187
51,1.0099,1.0441,1.006,1.044,1.011,1.078,1.032,1.091,1.059,1.109,1.069,1.143,1.114,1.172,1.212,1.194,1.097,1.212,1.069,1.223
52,1.0048,1.0743,1.001,1.074,1.007,1.109,1.028,1.122,1.055,1.14,1.066,1.175,1.111,1.206,1.208,1.228,1.093,1.247,1.065,1.258
53,0.9989,1.1043,0.995,1.104,1.002,1.14,1.023,1.153,1.05,1.172,1.062,1.207,1.107,1.238,1.203,1.262,1.087,1.281,1.06,1.293
54,0.9921,1.1339,0.988,1.134,0.996,1.17,1.017,1.183,1.045,1.203,1.057,1.239,1.101,1.271,1.197,1.296,1.081,1.315,1.054,1.328
55,0.9843,1.1632,0.981,1.163,0.989,1.2,1.01,1.214,1.038,1.234,1.051,1.27,1.095,1.303,1.189,1.329,1.074,1.348,1.047,1.362
56,0.9757,1.1921,0.972,1.192,0.981,1.23,1.002,1.243,1.03,1.264,1.043,1.302,1.087,1.335,1.18,1.362,1.065,1.381,1.038,1.396
57,0.9661,1.2206,0.963,1.221,0.972,1.259,0.993,1.273,1.02,1.294,1.034,1.332,1.078,1.367,1.17,1.394,1.056,1.414,1.029,1.429
58,0.9556,1.2487,0.952,1.249,0.962,1.287,0.983,1.302,1.01,1.323,1.024,1.362,1.067,1.397,1.159,1.426,1.045,1.446,1.018,1.462
59,0.9441,1.2762,0.941,1.276,0.951,1.315,0.972,1.33,0.999,1.352,1.013,1.392,1.056,1.428,1.146,1.457,1.033,1.477,1.006,1.494
60,0.9317,1.3033,0.928,1.303,0.939,1.343,0.959,1.358,0.986,1.381,1.001,1.421,1.043,1.458,1.132,1.488,1.019,1.508,0.994,1.526
61,0.9183,1.3297,0.915,1.33,0.926,1.37,0.946,1.386,0.973,1.409,0.988,1.449,1.029,1.487,1.117,1.518,1.005,1.539,0.98,1.557
62,0.9039,1.3557,0.901,1.356,0.912,1.397,0.932,1.413,0.958,1.436,0.973,1.477,1.014,1.516,1.1,1.548,0.99,1.568,0.964,1.587
63,0.8886,1.381,0.885,1.381,0.897,1.423,0.916,1.439,0.942,1.462,0.958,1.504,0.998,1.544,1.082,1.577,0.973,1.597,0.948,1.617
64,0.8723,1.4056,0.869,1.406,0.88,1.448,0.9,1.464,0.925,1.488,0.941,1.531,0.98,1.571,1.063,1.605,0.955,1.626,0.931,1.646
65,0.8551,1.4296,0.852,1.43,0.863,1.473,0.882,1.489,0.907,1.514,0.923,1.557,0.962,1.597,1.043,1.632,0.937,1.653,0.913,1.674
66,0.8369,1.4529,0.834,1.453,0.845,1.496,0.864,1.513,0.889,1.538,0.904,1.582,0.942,1.623,1.022,1.659,0.917,1.68,0.893,1.701
67,0.8178,1.4755,0.815,1.476,0.826,1.52,0.845,1.537,0.869,1.562,0.884,1.606,0.921,1.648,0.999,1.685,0.896,1.706,0.873,1.728
68,0.7978,1.4974,0.795,1.497,0.806,1.542,0.824,1.559,0.848,1.585,0.862,1.63,0.899,1.672,0.975,1.71,0.874,1.731,0.851,1.753
69,0.7768,1.5184,0.774,1.518,0.785,1.563,0.803,1.581,0.826,1.607,0.84,1.652,0.876,1.696,0.95,1.734,0.851,1.755,0.829,1.778
70,0.755,1.5387,0.752,1.539,0.763,1.584,0.78,1.602,0.803,1.628,0.817,1.674,0.852,1.718,0.924,1.757,0.828,1.778,0.806,1.802
71,0.7323,1.5581,0.73,1.558,0.74,1.604,0.757,1.622,0.779,1.649,0.792,1.695,0.826,1.74,0.897,1.779,0.803,1.8,0.781,1.824
72,0.7087,1.5767,0.706,1.577,0.716,1.623,0.733,1.641,0.754,1.668,0.767,1.715,0.8,1.76,0.868,1.8,0.777,1.822,0.756,1.846
73,0.6843,1.5944,0.682,1.594,0.692,1.641,0.707,1.66,0.728,1.687,0.741,1.734,0.772,1.78,0.839,1.821,0.75,1.842,0.73,1.867
74,0.6591,1.6112,0.657,1.611,0.666,1.659,0.681,1.677,0.701,1.705,0.714,1.752,0.744,1.798,0.809,1.84,0.722,1.862,0.703,1.887
75,0.6331,1.6271,0.631,1.627,0.64,1.675,0.655,1.694,0.673,1.721,0.686,1.77,0.715,1.816,0.777,1.858,0.694,1.88,0.675,1.905
76,0.6063,1.6421,0.604,1.642,0.613,1.69,0.627,1.709,0.645,1.737,0.656,1.786,0.685,1.832,0.745,1.875,0.664,1.897,0.646,1.923
77,0.5788,1.6562,0.577,1.656,0.585,1.705,0.598,1.724,0.616,1.752,0.627,1.801,0.654,1.848,0.712,1.891,0.634,1.913,0.617,1.939
78,0.5506,1.6692,0.548,1.669,0.556,1.718,0.569,1.737,0.586,1.766,0.596,1.815,0.622,1.862,0.677,1.906,0.603,1.928,0.587,1.955
79,0.5217,1.6813,0.52,1.681,0.527,1.73,0.539,1.75,0.555,1.779,0.565,1.828,0.589,1.876,0.642,1.92,0.572,1.942,0.556,1.969
80,0.4921,1.6924,0.49,1.692,0.497,1.742,0.508,1.761,0.523,1.79,0.532,1.84,0.555,1.888,0.606,1.933,0.539,1.955,0.524,1.982
81,0.462,1.7025,0.46,1.702,0.466,1.752,0.477,1.772,0.491,1.801,0.5,1.851,0.521,1.899,0.57,1.944,0.506,1.966,0.492,1.994
82,0.4313,1.7115,0.43,1.712,0.435,1.761,0.445,1.781,0.459,1.81,0.466,1.86,0.486,1.909,0.532,1.955,0.472,1.977,0.459,2.004
83,0.4,1.7196,0.399,1.72,0.403,1.77,0.413,1.789,0.425,1.819,0.432,1.869,0.451,1.918,0.494,1.964,0.438,1.986,0.425,2.014
84,0.3682,1.7265,0.367,1.726,0.371,1.777,0.38,1.796,0.391,1.826,0.397,1.877,0.414,1.926,0.455,1.972,0.403,1.994,0.391,2.022
85,0.3359,1.7325,0.335,1.732,0.338,1.783,0.346,1.803,0.357,1.832,0.362,1.883,0.378,1.932,0.416,1.979,0.368,2.001,0.357,2.029
86,0.3032,1.7373,0.302,1.737,0.305,1.788,0.312,1.808,0.322,1.838,0.326,1.888,0.34,1.938,0.376,1.984,0.332,2.006,0.321,2.035
87,0.2701,1.7412,0.269,1.741,0.271,1.792,0.278,1.812,0.286,1.841,0.29,1.892,0.303,1.942,0.336,1.989,0.295,2.011,0.286,2.039
88,0.2366,1.7439,0.236,1.744,0.237,1.795,0.243,1.814,0.25,1.844,0.253,1.895,0.265,1.945,0.295,1.992,0.259,2.014,0.25,2.042
89,0.2028,1.7456,0.202,1.746,0.203,1.796,0.208,1.816,0.214,1.846,0.216,1.897,0.226,1.947,0.254,1.994,0.221,2.016,0.214,2.044
90,0.1688,1.7462,0.168,1.746,0.168,1.797,0.172,1.817,0.178,1.847,0.179,1.897,0.187,1.947,0.212,1.995,0.184,2.016,0.178,2.045
91,0.1345,1.7457,0.134,1.746,0.134,1.796,0.137,1.816,0.141,1.846,0.141,1.897,0.148,1.947,0.171,1.994,0.146,2.016,0.141,2.045
92,0.1,1.7442,0.1,1.744,0.098,1.795,0.101,1.815,0.104,1.845,0.103,1.895,0.109,1.945,0.128,1.992,0.109,2.014,0.104,2.043
93,0.0654,1.7416,0.065,1.742,0.063,1.792,0.065,1.812,0.067,1.842,0.065,1.892,0.069,1.942,0.086,1.989,0.071,2.011,0.067,2.04
94,0.0307,1.7379,0.031,1.738,0.028,1.788,0.029,1.808,0.03,1.838,0.027,1.888,0.029,1.938,0.044,1.985,0.032,2.007,0.029,2.035
95,-0.0041,1.7331,-4.10E-03,1.733,-7.50E-03,1.783,-7.60E-03,1.803,-7.40E-03,1.833,-0.011,1.883,-0.011,1.932,1.30E-03,1.98,-5.90E-03,2.001,-8.00E-03,2.03
96,-0.0389,1.7273,-0.039,1.727,-0.043,1.777,-0.044,1.797,-0.045,1.827,-0.049,1.877,-0.05,1.926,-0.041,1.973,-0.044,1.995,-0.045,2.023
97,-0.0737,1.7205,-0.073,1.72,-0.078,1.77,-0.08,1.79,-0.082,1.819,-0.087,1.869,-0.09,1.918,-0.084,1.966,-0.082,1.987,-0.083,2.015
98,-0.1083,1.7126,-0.108,1.713,-0.114,1.762,-0.116,1.782,-0.119,1.811,-0.125,1.861,-0.13,1.909,-0.126,1.956,-0.121,1.978,-0.12,2.006
99,-0.1429,1.7037,-0.142,1.704,-0.149,1.753,-0.152,1.772,-0.156,1.802,-0.163,1.851,-0.169,1.899,-0.168,1.946,-0.159,1.967,-0.157,1.996
100,-0.1773,1.6938,-0.177,1.694,-0.184,1.743,-0.188,1.762,-0.193,1.791,-0.201,1.84,-0.209,1.888,-0.21,1.935,-0.197,1.956,-0.194,1.984
101,-0.2115,1.6828,-0.211,1.683,-0.219,1.731,-0.224,1.751,-0.23,1.78,-0.239,1.828,-0.248,1.876,-0.252,1.923,-0.234,1.943,-0.231,1.971
102,-0.2454,1.6709,-0.244,1.671,-0.253,1.719,-0.259,1.738,-0.266,1.767,-0.276,1.815,-0.287,1.863,-0.293,1.909,-0.272,1.929,-0.267,1.957
103,-0.279,1.658,-0.278,1.658,-0.287,1.706,-0.294,1.725,-0.302,1.753,-0.313,1.801,-0.325,1.848,-0.334,1.894,-0.309,1.914,-0.304,1.942
104,-0.3122,1.6441,-0.311,1.644,-0.321,1.692,-0.329,1.71,-0.338,1.738,-0.349,1.786,-0.363,1.833,-0.375,1.879,-0.345,1.898,-0.339,1.926
105,-0.345,1.6293,-0.344,1.629,-0.355,1.676,-0.363,1.695,-0.373,1.723,-0.385,1.77,-0.4,1.816,-0.414,1.862,-0.382,1.881,-0.375,1.909
106,-0.3774,1.6136,-0.376,1.614,-0.388,1.66,-0.397,1.679,-0.407,1.706,-0.421,1.753,-0.438,1.799,-0.454,1.844,-0.418,1.863,-0.41,1.89
107,-0.4093,1.5969,-0.408,1.597,-0.42,1.643,-0.43,1.661,-0.442,1.689,-0.456,1.735,-0.474,1.78,-0.493,1.825,-0.453,1.844,-0.444,1.871
108,-0.4407,1.5794,-0.439,1.579,-0.452,1.625,-0.463,1.643,-0.475,1.67,-0.491,1.716,-0.51,1.761,-0.531,1.805,-0.488,1.824,-0.478,1.85
109,-0.4715,1.561,-0.47,1.561,-0.484,1.606,-0.495,1.624,-0.508,1.651,-0.524,1.696,-0.545,1.74,-0.568,1.784,-0.522,1.802,-0.512,1.829
110,-0.5016,1.5418,-0.5,1.542,-0.514,1.586,-0.526,1.604,-0.541,1.63,-0.557,1.675,-0.58,1.719,-0.605,1.762,-0.555,1.78,-0.544,1.806
111,-0.5311,1.5217,-0.529,1.522,-0.544,1.565,-0.557,1.583,-0.572,1.609,-0.59,1.653,-0.613,1.696,-0.641,1.739,-0.588,1.757,-0.576,1.783
112,-0.5599,1.5009,-0.558,1.501,-0.574,1.544,-0.587,1.561,-0.603,1.587,-0.621,1.63,-0.646,1.673,-0.676,1.715,-0.62,1.733,-0.608,1.758
113,-0.588,1.4793,-0.586,1.479,-0.602,1.522,-0.616,1.539,-0.633,1.564,-0.652,1.607,-0.678,1.649,-0.71,1.69,-0.651,1.708,-0.638,1.733
114,-0.6152,1.4569,-0.613,1.457,-0.63,1.499,-0.644,1.516,-0.662,1.54,-0.682,1.583,-0.709,1.624,-0.743,1.665,-0.682,1.682,-0.668,1.707
115,-0.6417,1.4339,-0.639,1.434,-0.657,1.475,-0.672,1.492,-0.69,1.516,-0.711,1.557,-0.739,1.599,-0.774,1.639,-0.711,1.656,-0.697,1.68
116,-0.6724,1.4101,-0.67,1.41,-0.683,1.451,-0.699,1.467,-0.718,1.491,-0.739,1.532,-0.768,1.572,-0.805,1.611,-0.74,1.628,-0.725,1.652
117,-0.697,1.3857,-0.695,1.386,-0.708,1.426,-0.724,1.442,-0.744,1.465,-0.766,1.505,-0.796,1.545,-0.835,1.584,-0.768,1.6,-0.752,1.623
118,-0.7207,1.3607,-0.718,1.361,-0.736,1.4,-0.749,1.415,-0.769,1.439,-0.792,1.478,-0.823,1.517,-0.864,1.555,-0.794,1.571,-0.778,1.594
119,-0.7434,1.3351,-0.741,1.335,-0.759,1.373,-0.773,1.389,-0.794,1.412,-0.817,1.45,-0.849,1.488,-0.891,1.526,-0.82,1.542,-0.803,1.564
120,-0.7651,1.3089,-0.762,1.309,-0.782,1.347,-0.799,1.362,-0.817,1.384,-0.841,1.422,-0.874,1.459,-0.917,1.496,-0.844,1.511,-0.827,1.534
121,-0.7858,1.2823,-0.783,1.282,-0.803,1.319,-0.821,1.334,-0.839,1.356,-0.863,1.393,-0.897,1.429,-0.942,1.466,-0.868,1.481,-0.85,1.502
122,-0.8054,1.2551,-0.803,1.255,-0.823,1.291,-0.841,1.306,-0.86,1.327,-0.885,1.363,-0.92,1.399,-0.966,1.434,-0.89,1.449,-0.872,1.47
123,-0.8239,1.2274,-0.821,1.227,-0.842,1.263,-0.861,1.277,-0.884,1.298,-0.905,1.333,-0.941,1.368,-0.988,1.403,-0.911,1.417,-0.892,1.438
124,-0.8414,1.1993,-0.838,1.199,-0.86,1.234,-0.879,1.248,-0.903,1.268,-0.924,1.303,-0.961,1.337,-1.009,1.371,-0.931,1.385,-0.912,1.405
125,-0.8576,1.1708,-0.855,1.171,-0.876,1.204,-0.896,1.218,-0.92,1.238,-0.942,1.272,-0.979,1.305,-1.028,1.338,-0.95,1.352,-0.93,1.372
126,-0.8728,1.142,-0.87,1.142,-0.892,1.175,-0.911,1.188,-0.937,1.208,-0.959,1.24,-0.996,1.273,-1.046,1.305,-0.967,1.319,-0.947,1.338
127,-0.8867,1.1129,-0.884,1.113,-0.906,1.145,-0.926,1.158,-0.951,1.177,-0.974,1.209,-1.012,1.241,-1.063,1.272,-0.983,1.285,-0.963,1.304
128,-0.8994,1.0834,-0.896,1.083,-0.919,1.115,-0.939,1.127,-0.965,1.146,-0.988,1.177,-1.026,1.208,-1.077,1.238,-0.998,1.251,-0.978,1.27
129,-0.9109,1.0537,-0.908,1.054,-0.931,1.084,-0.951,1.096,-0.977,1.114,-1,1.145,-1.039,1.175,-1.091,1.204,-1.011,1.217,-0.991,1.235
130,-0.9212,1.0238,-0.918,1.024,-0.941,1.053,-0.962,1.065,-0.988,1.083,-1.011,1.112,-1.05,1.141,-1.103,1.17,-1.023,1.182,-1.002,1.2
131,-0.9302,0.9937,-0.927,0.994,-0.951,1.022,-0.971,1.034,-0.998,1.051,-1.021,1.079,-1.06,1.108,-1.113,1.136,-1.034,1.147,-1.013,1.164
132,-0.9379,0.9635,-0.935,0.963,-0.959,0.991,-0.979,1.002,-1.006,1.019,-1.029,1.046,-1.069,1.074,-1.122,1.101,-1.043,1.113,-1.022,1.129
133,-0.9444,0.9332,-0.941,0.933,-0.965,0.96,-0.986,0.971,-1.012,0.987,-1.041,1.014,-1.075,1.04,-1.129,1.067,-1.051,1.078,-1.03,1.093
134,-0.9496,0.9028,-0.946,0.903,-0.971,0.929,-0.991,0.939,-1.018,0.955,-1.047,0.98,-1.081,1.006,-1.135,1.032,-1.058,1.042,-1.036,1.058
135,-0.9535,0.8724,-0.95,0.872,-0.975,0.897,-0.995,0.907,-1.022,0.922,-1.051,0.947,-1.085,0.972,-1.139,0.997,-1.063,1.007,-1.041,1.022
136,-0.9561,0.842,-0.953,0.842,-0.977,0.866,-0.998,0.876,-1.024,0.89,-1.054,0.914,-1.088,0.939,-1.142,0.962,-1.067,0.972,-1.045,0.987
137,-0.9574,0.8116,-0.954,0.812,-0.979,0.835,-0.999,0.844,-1.026,0.858,-1.055,0.881,-1.089,0.905,-1.143,0.928,-1.069,0.937,-1.047,0.951
138,-0.9574,0.7813,-0.954,0.781,-0.979,0.804,-0.999,0.813,-1.026,0.826,-1.055,0.849,-1.088,0.871,-1.142,0.893,-1.069,0.902,-1.047,0.916
139,-0.9561,0.7512,-0.953,0.751,-0.977,0.773,-0.998,0.781,-1.024,0.794,-1.053,0.816,-1.086,0.837,-1.14,0.859,-1.069,0.867,-1.047,0.88
140,-0.9535,0.7212,-0.95,0.721,-0.975,0.742,-0.995,0.75,-1.021,0.763,-1.05,0.783,-1.083,0.804,-1.136,0.824,-1.067,0.833,-1.044,0.845
141,-0.9496,0.6914,-0.946,0.691,-0.971,0.711,-0.991,0.719,-1.017,0.731,-1.046,0.751,-1.078,0.771,-1.131,0.79,-1.063,0.798,-1.041,0.81
142,-0.9445,0.6618,-0.941,0.662,-0.966,0.681,-0.985,0.688,-1.011,0.7,-1.04,0.719,-1.071,0.738,-1.124,0.756,-1.058,0.764,-1.036,0.775
143,-0.9381,0.6325,-0.935,0.632,-0.959,0.651,-0.979,0.658,-1.004,0.669,-1.033,0.687,-1.064,0.705,-1.115,0.723,-1.051,0.73,-1.029,0.741
144,-0.9305,0.6035,-0.927,0.604,-0.951,0.621,-0.971,0.628,-0.996,0.638,-1.024,0.655,-1.054,0.673,-1.105,0.69,-1.043,0.697,-1.021,0.707
145,-0.9216,0.5748,-0.919,0.575,-0.942,0.591,-0.961,0.598,-0.986,0.608,-1.014,0.624,-1.044,0.641,-1.094,0.657,-1.034,0.664,-1.012,0.673
146,-0.9115,0.5465,-0.908,0.546,-0.932,0.562,-0.951,0.568,-0.975,0.578,-1.003,0.594,-1.031,0.609,-1.094,0.625,-1.023,0.631,-1.001,0.64
147,-0.9003,0.5186,-0.897,0.519,-0.92,0.534,-0.939,0.539,-0.963,0.548,-0.99,0.563,-1.018,0.578,-1.08,0.593,-1.011,0.599,-0.989,0.608
148,-0.8878,0.4912,-0.885,0.491,-0.907,0.505,-0.926,0.511,-0.949,0.519,-0.976,0.533,-1.003,0.547,-1.064,0.561,-0.998,0.567,-0.976,0.575
149,-0.8743,0.4642,-0.871,0.464,-0.894,0.477,-0.911,0.483,-0.935,0.491,-0.961,0.504,-0.987,0.517,-1.047,0.53,-0.983,0.536,-0.974,0.544
150,-0.8596,0.4377,-0.857,0.438,-0.879,0.45,-0.896,0.455,-0.919,0.463,-0.944,0.475,-0.969,0.488,-1.028,0.5,-0.967,0.505,-0.957,0.513
151,-0.8438,0.4118,-0.841,0.412,-0.862,0.423,-0.879,0.428,-0.902,0.435,-0.927,0.447,-0.95,0.459,-1.009,0.471,-0.949,0.475,-0.94,0.482
152,-0.827,0.3864,-0.824,0.386,-0.845,0.397,-0.862,0.402,-0.883,0.409,-0.908,0.42,-0.93,0.43,-0.988,0.441,-0.931,0.446,-0.921,0.453
153,-0.8091,0.3616,-0.806,0.362,-0.827,0.372,-0.843,0.376,-0.864,0.382,-0.888,0.393,-0.909,0.403,-0.965,0.413,-0.911,0.417,-0.901,0.423
154,-0.7903,0.3375,-0.788,0.338,-0.807,0.347,-0.823,0.351,-0.843,0.357,-0.866,0.366,-0.887,0.376,-0.942,0.386,-0.889,0.389,-0.88,0.395
155,-0.7706,0.314,-0.768,0.314,-0.787,0.323,-0.802,0.327,-0.822,0.332,-0.844,0.341,-0.863,0.35,-0.917,0.359,-0.867,0.362,-0.857,0.368
156,-0.7499,0.2912,-0.747,0.291,-0.766,0.3,-0.78,0.303,-0.799,0.308,-0.821,0.316,-0.838,0.324,-0.891,0.333,-0.844,0.336,-0.833,0.341
157,-0.7285,0.2692,-0.726,0.269,-0.744,0.277,-0.758,0.28,-0.776,0.284,-0.796,0.292,-0.813,0.3,-0.864,0.307,-0.819,0.31,-0.809,0.315
158,-0.7062,0.2478,-0.704,0.248,-0.721,0.255,-0.734,0.258,-0.752,0.262,-0.771,0.269,-0.786,0.276,-0.836,0.283,-0.793,0.286,-0.783,0.29
159,-0.6833,0.2272,-0.681,0.227,-0.697,0.234,-0.71,0.236,-0.726,0.24,-0.745,0.246,-0.758,0.253,-0.807,0.259,-0.766,0.262,-0.756,0.266
160,-0.6596,0.2075,-0.657,0.207,-0.673,0.213,-0.685,0.216,-0.7,0.219,-0.718,0.225,-0.73,0.231,-0.777,0.237,-0.739,0.239,-0.728,0.242
161,-0.6354,0.1885,-0.633,0.189,-0.648,0.194,-0.659,0.196,-0.674,0.199,-0.689,0.204,-0.7,0.21,-0.746,0.215,-0.71,0.217,-0.699,0.22
162,-0.6107,0.1704,-0.609,0.17,-0.622,0.175,-0.633,0.177,-0.646,0.18,-0.661,0.185,-0.67,0.19,-0.715,0.194,-0.68,0.196,-0.669,0.199
163,-0.5856,0.1531,-0.584,0.153,-0.596,0.157,-0.606,0.159,-0.618,0.162,-0.631,0.166,-0.638,0.17,-0.682,0.175,-0.65,0.176,-0.638,0.179
164,-0.5601,0.1367,-0.558,0.137,-0.569,0.141,-0.578,0.142,-0.589,0.144,-0.601,0.148,-0.607,0.152,-0.649,0.156,-0.619,0.157,-0.607,0.16
165,-0.5344,0.1212,-0.532,0.121,-0.542,0.125,-0.55,0.126,-0.56,0.128,-0.57,0.131,-0.574,0.135,-0.615,0.138,-0.587,0.139,-0.574,0.141
166,-0.5086,0.1066,-0.507,0.107,-0.515,0.11,-0.522,0.111,-0.53,0.113,-0.538,0.115,-0.541,0.118,-0.58,0.121,-0.554,0.122,-0.541,0.124
167,-0.4828,0.093,-0.481,0.093,-0.487,0.096,-0.493,0.097,-0.5,0.098,-0.506,0.101,-0.507,0.103,-0.545,0.106,-0.52,0.107,-0.507,0.108
168,-0.4572,0.0803,-0.456,0.08,-0.46,0.082,-0.464,0.083,-0.469,0.085,-0.473,0.087,-0.473,0.089,-0.509,0.091,-0.486,0.092,-0.472,0.093
169,-0.4318,0.0685,-0.43,0.069,-0.432,0.07,-0.435,0.071,-0.438,0.072,-0.44,0.074,-0.438,0.076,-0.473,0.078,-0.452,0.078,-0.437,0.08
170,-0.4069,0.0578,-0.406,0.058,-0.404,0.059,-0.406,0.06,-0.407,0.061,-0.406,0.062,-0.403,0.064,-0.437,0.065,-0.417,0.066,-0.402,0.067
171,-0.3823,0.048,-0.381,0.048,-0.377,0.049,-0.376,0.05,-0.375,0.051,-0.372,0.052,-0.367,0.053,-0.399,0.054,-0.381,0.055,-0.365,0.055
172,-0.3582,0.0392,-0.358,0.039,-0.349,0.04,-0.346,0.041,-0.343,0.041,-0.338,0.042,-0.332,0.043,-0.362,0.044,-0.345,0.045,-0.329,0.045
173,-0.3342,0.0315,-0.334,0.032,-0.321,0.032,-0.316,0.033,-0.31,0.033,-0.302,0.034,-0.296,0.035,-0.324,0.035,-0.308,0.036,-0.291,0.036
174,-0.3097,0.0247,-0.31,0.025,-0.293,0.025,-0.286,0.026,-0.277,0.026,-0.267,0.026,-0.259,0.027,-0.286,0.028,-0.272,0.028,-0.254,0.028
175,-0.2834,0.019,-0.284,0.019,-0.263,0.019,-0.254,0.02,-0.243,0.02,-0.231,0.02,-0.223,0.021,-0.247,0.021,-0.235,0.021,-0.216,0.021
176,-0.2531,0.0143,-0.254,0.014,-0.231,0.015,-0.221,0.015,-0.208,0.015,-0.194,0.015,-0.186,0.015,-0.209,0.016,-0.197,0.016,-0.178,0.016
177,-0.2158,0.0107,-0.216,0.011,-0.194,0.011,-0.184,0.011,-0.17,0.011,-0.157,0.011,-0.15,0.011,-0.17,0.011,-0.16,0.011,-0.139,0.012
178,-0.1679,0.0081,-0.168,8.10E-03,-0.15,8.10E-03,-0.142,8.20E-03,-0.13,8.20E-03,-0.118,8.30E-03,-0.113,8.30E-03,-0.13,8.40E-03,-0.123,8.40E-03,-0.1,8.50E-03
179,-0.107,0.0065,-0.106,6.50E-03,-0.096,6.50E-03,-0.093,6.50E-03,-0.086,6.60E-03,-0.079,6.60E-03,-0.077,6.60E-03,-0.091,6.60E-03,-0.085,6.60E-03,-0.062,6.60E-03
180,-0.0331,0.006,-0.032,6.00E-03,-0.031,6.00E-03,-0.034,6.00E-03,-0.037,6.00E-03,-0.038,6.00E-03,-0.041,6.00E-03,-0.051,6.00E-03,-0.048,6.00E-03,-0.022,6.00E-03