0.3,0.4,0.5,0.6,0.7,0.8
-180,-0.0087,0.006,-0.0099,0.006,-0.0094,0.006,-0.0111,0.006,-0.011,0.006,-0.0053,0.006
-179,0.0714,0.0065,0.0718,0.0065,0.0698,0.0066,0.0634,0.0066,0.0513,0.0066,0.0251,0.0066
-178,0.1451,0.0081,0.1433,0.0082,0.1355,0.0082,0.1228,0.0083,0.1033,0.0083,0.0555,0.0086
-177,0.2072,0.0107,0.2004,0.0108,0.1865,0.011,0.1692,0.0111,0.1472,0.0113,0.0859,0.0118
-176,0.2542,0.0144,0.2426,0.0146,0.2253,0.0149,0.2066,0.0151,0.1857,0.0153,0.1163,0.0163
-175,0.2869,0.0191,0.273,0.0194,0.2557,0.0198,0.2384,0.0202,0.2206,0.0206,0.1467,0.022
-174,0.3095,0.0248,0.2962,0.0253,0.2815,0.0259,0.2671,0.0264,0.2533,0.027,0.1771,0.0291
-173,0.3269,0.0315,0.3161,0.0323,0.3053,0.033,0.2945,0.0338,0.2848,0.0345,0.2075,0.0373
-172,0.3426,0.0393,0.3353,0.0403,0.3286,0.0412,0.3214,0.0422,0.3155,0.0432,0.2379,0.0469
-171,0.3588,0.0481,0.355,0.0493,0.3522,0.0505,0.3482,0.0518,0.3458,0.053,0.2683,0.0576
-170,0.3763,0.0579,0.3756,0.0594,0.3762,0.0609,0.375,0.0624,0.3757,0.0639,0.2987,0.0696
-169,0.3952,0.0686,0.3972,0.0704,0.4007,0.0723,0.402,0.0741,0.4054,0.0759,0.3291,0.0828
-168,0.4153,0.0803,0.4196,0.0825,0.4256,0.0847,0.429,0.0868,0.4347,0.089,0.3595,0.0972
-167,0.4364,0.093,0.4426,0.0956,0.4507,0.0981,0.4559,0.1006,0.4637,0.1031,0.3899,0.1127
-166,0.4581,0.1066,0.466,0.1096,0.4759,0.1125,0.4826,0.1154,0.4922,0.1184,0.4203,0.1294
-165,0.4803,0.1212,0.4896,0.1245,0.5011,0.1279,0.5091,0.1312,0.5203,0.1346,0.4507,0.1473
-164,0.5027,0.1367,0.5132,0.1405,0.526,0.1443,0.5352,0.1481,0.5479,0.1519,0.4811,0.1662
-163,0.525,0.153,0.5366,0.1573,0.5506,0.1616,0.5608,0.1658,0.5749,0.1701,0.5115,0.1863
-162,0.5471,0.1702,0.5597,0.175,0.5748,0.1798,0.5858,0.1845,0.6012,0.1893,0.5419,0.2074
-161,0.569,0.1883,0.5823,0.1936,0.5984,0.1989,0.6103,0.2042,0.6268,0.2095,0.5723,0.2295
-160,0.5903,0.2072,0.6044,0.213,0.6215,0.2189,0.634,0.2247,0.6516,0.2306,0.6027,0.2527
-159,0.6112,0.2269,0.626,0.2333,0.6438,0.2397,0.657,0.2461,0.6756,0.2525,0.6331,0.2768
-158,0.6314,0.2473,0.6468,0.2543,0.6654,0.2614,0.6792,0.2684,0.6987,0.2754,0.6635,0.3019
-157,0.6509,0.2685,0.6669,0.2762,0.6862,0.2838,0.7005,0.2914,0.7209,0.2991,0.6939,0.3279
-156,0.6696,0.2905,0.6862,0.2988,0.7062,0.307,0.7209,0.3153,0.7421,0.3236,0.7243,0.3548
-155,0.6875,0.3132,0.7046,0.3221,0.7252,0.331,0.7404,0.3399,0.7623,0.3489,0.7547,0.3826
-154,0.7046,0.3365,0.7221,0.3461,0.7433,0.3557,0.7589,0.3653,0.7815,0.3749,0.7851,0.4112
-153,0.7208,0.3604,0.7387,0.3707,0.7605,0.3811,0.7763,0.3914,0.7997,0.4017,0.8155,0.4405
-152,0.736,0.385,0.7543,0.396,0.7766,0.4071,0.7928,0.4181,0.8167,0.4291,0.8459,0.4707
-151,0.7503,0.4102,0.7689,0.422,0.7916,0.4337,0.8081,0.4455,0.8326,0.4572,0.8763,0.5015
-150,0.7636,0.4359,0.7825,0.4484,0.8056,0.4609,0.8223,0.4734,0.8474,0.4859,0.9067,0.5331
-149,0.7758,0.4622,0.795,0.4754,0.8185,0.4887,0.8354,0.502,0.861,0.5152,0.9371,0.5652
-148,0.787,0.4889,0.8064,0.503,0.8303,0.517,0.8473,0.531,0.8734,0.5451,0.9675,0.598
-147,0.7971,0.5161,0.8168,0.531,0.841,0.5458,0.8581,0.5606,0.8847,0.5754,0.9979,0.6313
-146,0.8062,0.5437,0.826,0.5594,0.8505,0.575,0.8677,0.5907,0.8947,0.6063,1.0283,0.6652
-145,0.8141,0.5718,0.8341,0.5882,0.8588,0.6047,0.8762,0.6211,0.9034,0.6376,1.0587,0.6995
-144,0.821,0.6001,0.8411,0.6174,0.866,0.6347,0.8834,0.652,0.911,0.6692,1.0891,0.7343
-143,0.8267,0.6288,0.8469,0.647,0.872,0.6651,0.8894,0.6832,0.9173,0.7013,1.1195,0.7695
-142,0.8313,0.6578,0.8516,0.6768,0.8768,0.6957,0.8942,0.7147,0.9223,0.7336,1.1499,0.805
-141,0.8348,0.6871,0.8551,0.7069,0.8804,0.7267,0.8978,0.7465,0.9261,0.7663,1.1803,0.8408
-140,0.8372,0.7165,0.8574,0.7372,0.8829,0.7579,0.9001,0.7785,0.9286,0.7992,1.2107,0.8769
-139,0.8384,0.7462,0.8586,0.7677,0.8841,0.7892,0.9013,0.8107,0.9298,0.8323,1.2411,0.9132
-138,0.8384,0.776,0.8586,0.7984,0.8841,0.8207,0.9012,0.8431,0.9298,0.8655,1.2715,0.9497
-137,0.8374,0.8059,0.8575,0.8291,0.8829,0.8524,0.8999,0.8756,0.9286,0.8989,1.3019,0.9863
-136,0.8352,0.8358,0.8552,0.86,0.8806,0.8841,0.8974,0.9082,0.9261,0.9324,1.3323,1.023
-135,0.8319,0.8659,0.8518,0.8909,0.8771,0.9159,0.8937,0.9409,0.9223,0.9659,1.3627,1.0597
-134,0.8275,0.8959,0.8472,0.9217,0.8723,0.9476,0.8888,0.9735,0.9173,0.9994,1.3931,1.0965
-133,0.822,0.9258,0.8415,0.9526,0.8665,0.9793,0.8827,1.0061,0.9111,1.0328,1.4235,1.1332
-132,0.8154,0.9557,0.8347,0.9833,0.8595,1.011,0.8754,1.0386,0.9037,1.0662,1.4538,1.1698
-131,0.8077,0.9855,0.8267,1.014,0.8513,1.0425,0.867,1.071,0.8951,1.0994,1.4834,1.2062
-130,0.799,1.0152,0.8177,1.0445,0.842,1.0738,0.8575,1.1032,0.8853,1.1325,1.5112,1.2425
-129,0.7892,1.0446,0.8076,1.0748,0.8316,1.105,0.8468,1.1352,0.8744,1.1654,1.5352,1.2786
-128,0.7783,1.0739,0.7965,1.1049,0.8202,1.136,0.8351,1.167,0.8623,1.1981,1.5526,1.3143
-127,0.7665,1.1029,0.7843,1.1348,0.8076,1.1666,0.8222,1.1985,0.8491,1.2304,1.5603,1.3498
-126,0.7536,1.1316,0.7711,1.1643,0.7941,1.197,0.8083,1.2297,0.8347,1.2625,1.5551,1.3849
-125,0.7398,1.1599,0.7569,1.1935,0.7794,1.227,0.7933,1.2606,0.8194,1.2941,1.5347,1.4196
-124,0.725,1.188,0.7418,1.2223,0.7638,1.2567,0.7774,1.2911,0.8029,1.3254,1.4987,1.4539
-123,0.7093,1.2156,0.7257,1.2508,0.7472,1.2859,0.7604,1.3211,0.7855,1.3563,1.4487,1.4876
-122,0.6927,1.2428,0.7086,1.2787,0.7297,1.3147,0.7425,1.3507,0.767,1.3866,1.3877,1.5209
-121,0.6752,1.2695,0.6907,1.3063,0.7112,1.343,0.7236,1.3797,0.7476,1.4165,1.3198,1.5536
-120,0.6568,1.2958,0.6719,1.3333,0.6919,1.3708,0.7039,1.4083,0.7272,1.4458,1.2488,1.5856
-119,0.6377,1.3215,0.6522,1.3598,0.6716,1.398,0.6832,1.4362,0.7059,1.4745,1.1777,1.617
-118,0.6177,1.3467,0.6318,1.3857,0.6506,1.4246,0.6618,1.4636,0.6821,1.5026,1.1085,1.6478
-117,0.5969,1.3713,0.6105,1.411,0.6287,1.4507,0.6395,1.4903,0.6591,1.53,1.0424,1.6778
-116,0.5755,1.3952,0.5885,1.4356,0.606,1.476,0.6151,1.5164,0.6354,1.5568,0.9798,1.707
-115,0.5533,1.4186,0.5658,1.4596,0.5815,1.5007,0.5913,1.5418,0.6108,1.5828,0.9207,1.7355
-114,0.5304,1.4412,0.5424,1.4829,0.5574,1.5247,0.5668,1.5664,0.5855,1.6081,0.8648,1.7631
-113,0.5069,1.4632,0.5174,1.5055,0.5327,1.5479,0.5416,1.5903,0.5595,1.6326,0.8118,1.7898
-112,0.4819,1.4844,0.4927,1.5274,0.5073,1.5703,0.5157,1.6133,0.5329,1.6563,0.7612,1.8157
-111,0.4572,1.5048,0.4675,1.5484,0.4813,1.592,0.4893,1.6356,0.5056,1.6792,0.7127,1.8406
-110,0.432,1.5245,0.4417,1.5687,0.4548,1.6128,0.4623,1.657,0.4777,1.7011,0.6659,1.8646
-109,0.4063,1.5434,0.4154,1.5881,0.4277,1.6328,0.4347,1.6775,0.4492,1.7222,0.6204,1.8875
-108,0.3801,1.5615,0.3886,1.6067,0.4001,1.6519,0.4066,1.6972,0.4202,1.7424,0.5761,1.9095
-107,0.3534,1.5787,0.3613,1.6244,0.372,1.6702,0.3781,1.7159,0.3907,1.7616,0.5327,1.9303
-106,0.3264,1.595,0.3337,1.6413,0.3435,1.6875,0.3492,1.7337,0.3608,1.7799,0.49,1.9502
-105,0.299,1.6105,0.3056,1.6572,0.3147,1.7038,0.3198,1.7505,0.3305,1.7971,0.4479,1.9689
-104,0.2712,1.6251,0.2773,1.6721,0.2855,1.7192,0.2901,1.7663,0.2998,1.8134,0.4062,1.9865
-103,0.2432,1.6387,0.2486,1.6862,0.2559,1.7336,0.2601,1.7811,0.2688,1.8286,0.365,2.0029
-102,0.2149,1.6514,0.2197,1.6992,0.2262,1.747,0.2298,1.7949,0.2375,1.8427,0.3241,2.0182
-101,0.1863,1.6631,0.1905,1.7113,0.1961,1.7595,0.1993,1.8076,0.206,1.8558,0.2835,2.0323
-100,0.1576,1.6738,0.1612,1.7223,0.1659,1.7708,0.1686,1.8193,0.1743,1.8678,0.2431,2.0452
-99,0.1288,1.6836,0.1317,1.7324,0.1355,1.7812,0.1378,1.83,0.1424,1.8787,0.2029,2.0569
-98,0.0998,1.6924,0.102,1.7414,0.105,1.7905,0.1068,1.8395,0.1103,1.8885,0.163,2.0673
-97,0.0707,1.7002,0.0723,1.7494,0.0744,1.7987,0.0757,1.8479,0.0782,1.8972,0.1233,2.0765
-96,0.0416,1.7069,0.0426,1.7564,0.0438,1.8058,0.0446,1.8553,0.0461,1.9047,0.0839,2.0845
-95,0.0125,1.7126,0.0128,1.7623,0.0132,1.8119,0.0135,1.8615,0.0139,1.9111,0.0446,2.0911
-94,-0.0166,1.7173,-0.0169,1.7671,-0.0174,1.8169,-0.0176,1.8666,-0.0182,1.9164,0.0056,2.0965
-93,-0.0456,1.721,-0.0465,1.7709,-0.048,1.8207,-0.0486,1.8706,-0.0503,1.9204,-0.0331,2.1006
-92,-0.0745,1.7236,-0.0761,1.7735,-0.0784,1.8235,-0.0795,1.8734,-0.0822,1.9234,-0.0715,2.1034
-91,-0.1033,1.7252,-0.1055,1.7752,-0.1087,1.8252,-0.1103,1.8751,-0.114,1.9251,-0.1095,2.1049
-90,-0.1319,1.7257,-0.1347,1.7757,-0.1388,1.8257,-0.1409,1.8757,-0.1457,1.9257,-0.1473,2.1052
-89,-0.1604,1.7252,-0.1638,1.7752,-0.1687,1.8252,-0.1712,1.8751,-0.1771,1.9251,-0.1846,2.1041
-88,-0.1885,1.7236,-0.1926,1.7735,-0.1984,1.8235,-0.2014,1.8734,-0.2082,1.9234,-0.2216,2.1017
-87,-0.2165,1.721,-0.2211,1.7709,-0.2278,1.8207,-0.2312,1.8706,-0.2391,1.9204,-0.2581,2.098
-86,-0.2441,1.7173,-0.2494,1.7671,-0.2568,1.8169,-0.2607,1.8666,-0.2696,1.9164,-0.2941,2.093
-85,-0.2714,1.7126,-0.2772,1.7623,-0.2856,1.8119,-0.2899,1.8615,-0.2997,1.9111,-0.3296,2.0867
-84,-0.2983,1.7069,-0.3048,1.7564,-0.3139,1.8058,-0.3187,1.8553,-0.3295,1.9047,-0.3646,2.0791
-83,-0.3249,1.7002,-0.3319,1.7494,-0.3418,1.7987,-0.3471,1.8479,-0.3588,1.8972,-0.399,2.0703
-82,-0.351,1.6924,-0.3586,1.7414,-0.3693,1.7905,-0.375,1.8395,-0.3877,1.8885,-0.4329,2.0602
-81,-0.3766,1.6836,-0.3848,1.7324,-0.3964,1.7812,-0.4025,1.8299,-0.4161,1.8787,-0.4661,2.0488
-80,-0.4018,1.6738,-0.4106,1.7223,-0.4229,1.7708,-0.4294,1.8193,-0.4439,1.8678,-0.4986,2.0362
-79,-0.4265,1.6631,-0.4358,1.7113,-0.4489,1.7595,-0.4559,1.8076,-0.4712,1.8558,-0.5304,2.0224
-78,-0.4507,1.6514,-0.4606,1.6992,-0.4743,1.747,-0.4817,1.7949,-0.498,1.8427,-0.5615,2.0073
-77,-0.4743,1.6387,-0.4847,1.6862,-0.4992,1.7336,-0.507,1.7811,-0.5241,1.8286,-0.5919,1.991
-76,-0.4973,1.6251,-0.5082,1.6721,-0.5234,1.7192,-0.5317,1.7663,-0.5495,1.8134,-0.6215,1.9736
-75,-0.5198,1.6105,-0.5312,1.6572,-0.547,1.7038,-0.5557,1.7505,-0.5743,1.7971,-0.6503,1.955
-74,-0.5415,1.595,-0.5535,1.6412,-0.57,1.6875,-0.579,1.7337,-0.5984,1.7799,-0.6782,1.9352
-73,-0.5627,1.5787,-0.5751,1.6244,-0.5923,1.6702,-0.6017,1.7159,-0.6218,1.7616,-0.7053,1.9144
-72,-0.5832,1.5615,-0.596,1.6067,-0.6138,1.6519,-0.6236,1.6972,-0.6445,1.7424,-0.7314,1.8924
-71,-0.6029,1.5434,-0.6163,1.5881,-0.6346,1.6328,-0.6448,1.6775,-0.6664,1.7222,-0.7567,1.8693
-70,-0.622,1.5245,-0.6358,1.5687,-0.6547,1.6128,-0.6653,1.657,-0.6875,1.7011,-0.781,1.8453
-69,-0.6403,1.5048,-0.6545,1.5484,-0.6741,1.592,-0.6849,1.6356,-0.7078,1.6792,-0.8044,1.8201
-68,-0.6579,1.4844,-0.6725,1.5274,-0.6926,1.5703,-0.7038,1.6133,-0.7273,1.6563,-0.8268,1.794
-67,-0.6747,1.4632,-0.6897,1.5055,-0.7103,1.5479,-0.7219,1.5903,-0.7459,1.6326,-0.8482,1.767
-66,-0.6907,1.4412,-0.7062,1.4829,-0.7272,1.5247,-0.7391,1.5664,-0.7637,1.6081,-0.8685,1.739
-65,-0.706,1.4186,-0.7218,1.4596,-0.7433,1.5007,-0.7555,1.5418,-0.7806,1.5828,-0.8879,1.7101
-64,-0.7204,1.3952,-0.7365,1.4356,-0.7585,1.476,-0.771,1.5164,-0.7966,1.5568,-0.9061,1.6803
-63,-0.734,1.3713,-0.7505,1.411,-0.7728,1.4506,-0.7857,1.4903,-0.8117,1.53,-0.9553,1.6497
-62,-0.7468,1.3467,-0.7636,1.3857,-0.7863,1.4246,-0.7995,1.4636,-0.8258,1.5026,-0.9718,1.6183
-61,-0.7587,1.3215,-0.7758,1.3598,-0.7989,1.398,-0.8123,1.4362,-0.8391,1.48,-0.9872,1.5861
-60,-0.7697,1.2958,-0.7871,1.3333,-0.8106,1.3708,-0.8243,1.4083,-0.8514,1.47,-1.0015,1.5532
-59,-0.7799,1.2695,-0.7976,1.3063,-0.8213,1.343,-0.8353,1.3797,-0.8627,1.46,-1.0147,1.5196
-58,-0.7892,1.2428,-0.8071,1.2787,-0.8312,1.3147,-0.8454,1.3507,-0.8731,1.45,-1.0269,1.4853
-57,-0.7976,1.2156,-0.8158,1.2508,-0.8401,1.2859,-0.8545,1.3211,-0.8825,1.44,-1.0379,1.4504
-56,-0.8051,1.188,-0.8235,1.2223,-0.8481,1.2567,-0.8627,1.2911,-0.8909,1.43,-1.0478,1.4149
-55,-0.8118,1.1599,-0.8304,1.1935,-0.8551,1.227,-0.87,1.2606,-0.8983,1.42,-1.0565,1.3789
-54,-0.8175,1.1316,-0.8363,1.1643,-0.8612,1.197,-0.8762,1.2297,-0.9047,1.41,-1.0642,1.3423
-53,-0.8223,1.1029,-0.8413,1.1347,-0.8663,1.1666,-0.8816,1.1985,-0.9101,1.4,-1.0707,1.3053
-52,-0.8263,1.0739,-0.8453,1.1049,-0.8705,1.136,-0.8859,1.167,-0.9146,1.39,-1.0761,1.2679
-51,-0.8293,1.0446,-0.8485,1.0748,-0.8737,1.105,-0.8893,1.1352,-0.918,1.38,-1.0803,1.2301
-50,-0.8314,1.0152,-0.8507,1.0445,-0.876,1.0738,-0.8917,1.1032,-0.9204,1.37,-1.0834,1.1919
-49,-0.8326,0.9855,-0.852,1.014,-0.8773,1.0425,-0.8931,1.071,-0.9218,1.36,-1.0854,1.1534
-48,-0.8328,0.9557,-0.8523,0.9833,-0.8776,1.011,-0.8936,1.0386,-0.9222,1.35,-1.0863,1.1147
-47,-0.8322,0.9258,-0.8517,0.9526,-0.877,0.9793,-0.8931,1.0061,-0.9216,1.34,-1.086,1.0758
-46,-0.8307,0.8959,-0.8502,0.9217,-0.8755,0.9476,-0.8916,0.9735,-0.92,1.33,-1.0847,1.0366
-45,-0.8283,0.8658,-0.8478,0.8908,-0.873,0.9158,-0.8891,0.9408,-0.9174,1.32,-1.0822,0.9974
-44,-0.8249,0.8358,-0.8444,0.86,-0.8695,0.8841,-0.8857,0.9082,-0.9138,1.31,-1.0786,0.958
-43,-0.8207,0.8059,-0.8402,0.8291,-0.8651,0.8524,-0.8814,0.8756,-0.9093,1.3,-1.074,0.9186
-42,-0.8156,0.776,-0.835,0.7984,-0.8598,0.8207,-0.876,0.8431,-0.9037,1.29,-1.0682,0.8792
-41,-0.8096,0.7462,-0.8289,0.7677,-0.8536,0.7892,-0.8698,0.8107,-0.8972,1.28,-1.0614,0.8399
-40,-0.8028,0.7165,-0.822,0.7372,-0.8464,0.7579,-0.8626,0.7785,-0.8897,1.27,-1.0535,0.8006
-39,-0.7951,0.6871,-0.8141,0.7069,-0.8383,0.7267,-0.8545,0.7465,-0.8812,1.26,-1.0446,0.7615
-38,-0.7865,0.6578,-0.8054,0.6768,-0.8294,0.6957,-0.8454,0.7147,-0.8718,1.25,-1.0346,0.7226
-37,-0.7771,0.6288,-0.7958,0.6469,-0.8195,0.6651,-0.8355,0.6832,-0.8615,1.24,-1.0237,0.6839
-36,-0.7669,0.6001,-0.7854,0.6174,-0.8088,0.6347,-0.8246,0.652,-0.8502,1.23,-1.0117,0.6455
-35,-0.7558,0.5718,-0.7742,0.5882,-0.7972,0.6047,-0.8129,0.6211,-0.8381,1.22,-0.9987,0.6597
-34,-0.7439,0.5437,-0.7621,0.5594,-0.7847,0.575,-0.8003,0.5906,-0.825,1.21,-0.9847,0.6412
-33,-0.7313,0.5161,-0.7492,0.5309,-0.7714,0.5458,-0.7868,0.5606,-0.8111,1.2,-0.9698,0.6227
-32,-0.7179,0.4889,-0.7354,0.5029,-0.7573,0.517,-0.7725,0.531,-0.7963,1.19,-0.9539,0.6042
-31,-0.7037,0.4622,-0.721,0.4754,-0.7424,0.4887,-0.7574,0.502,-0.7806,1.18,-0.937,0.5857
-30,-0.6887,0.4359,-0.7057,0.4484,-0.7267,0.4609,-0.7415,0.4734,-0.7641,1.17,-0.9193,0.5672
-29,-0.6731,0.4102,-0.6897,0.4219,-0.7102,0.4337,-0.7247,0.4454,-0.7468,1.16,-0.9006,0.5487
-28,-0.6567,0.385,-0.6729,0.396,-0.693,0.407,-0.7072,0.4181,-0.7287,1.15,-0.8809,0.5302
-27,-0.6396,0.3604,-0.6555,0.3707,-0.675,0.381,-0.689,0.3913,-0.7098,1.14,-0.8604,0.5117
-26,-0.6219,0.3364,-0.6373,0.3461,-0.6563,0.3557,-0.67,0.3653,-0.6902,1.13,-0.8389,0.4932
-25,-0.6035,0.3131,-0.6185,0.322,-0.637,0.331,-0.6502,0.3399,-0.6698,1.12,-0.8165,0.4747
-24,-0.5844,0.2905,-0.599,0.2987,-0.6169,0.307,-0.6298,0.3153,-0.6487,1.11,-0.7932,0.4562
-23,-0.5648,0.2685,-0.5789,0.2761,-0.5962,0.2838,-0.6087,0.2914,-0.627,1.1,-0.769,0.4377
-22,-0.5445,0.2473,-0.5581,0.2543,-0.5749,0.2613,-0.587,0.2683,-0.6045,1.09,-0.7438,0.4192
-21,-0.5237,0.2268,-0.5368,0.2332,-0.5529,0.2396,-0.5646,0.2461,-0.5815,1.08,-0.7177,0.4007
-20,-0.5024,0.2071,-0.515,0.2129,-0.5304,0.2188,-0.5416,0.2247,-0.5578,1.07,-0.6906,0.3822
-19,-0.4805,0.1882,-0.4926,0.1935,-0.5074,0.1988,-0.5181,0.2041,-0.5335,1.06,-0.6625,0.3637
-18,-0.4582,0.1701,-0.4697,0.1749,-0.4838,0.1797,-0.4941,0.1845,-0.5088,1.05,-0.6334,0.3452
-17,-0.4355,0.1529,-0.4464,0.1571,-0.4598,0.1614,-0.4696,0.1657,-0.4835,1.04,-0.6034,0.3267
-16,-0.4125,0.1365,-0.4228,0.1403,-0.4355,0.1441,-0.4446,0.1479,-0.4579,1.03,-0.5725,0.3082
-15,-0.3893,0.121,-0.3989,0.1243,-0.4109,0.1277,-0.4194,0.1311,-0.432,1.02,-0.5406,0.2897
-14,-0.3661,0.1063,-0.375,0.1093,-0.3861,0.1122,-0.394,0.1152,-0.406,1.01,-0.5078,0.2712
-13,-0.3433,0.0926,-0.3514,0.0951,-0.3616,0.0977,-0.3688,0.1003,-0.3802,1,-0.4741,0.2527
-12,-0.3219,0.0796,-0.3288,0.0819,-0.338,0.0841,-0.3442,0.0864,-0.3554,0.990933333,-0.4397,0.2342
-11,-0.3039,0.0675,-0.3092,0.0694,-0.3168,0.0714,-0.3216,0.0733,-0.333,0.892383333,-0.4046,0.2157
-10,-0.2956,0.0558,-0.2975,0.0576,-0.3021,0.0594,-0.3041,0.0612,-0.3173,0.793833333,-0.3689,0.1972
-9,-0.3171,0.0437,-0.3097,0.0457,-0.3064,0.0476,-0.3017,0.0494,-0.3207,0.695283333,-0.3327,0.1787
-8,-0.4298,0.0293,-0.3982,0.0321,-0.372,0.0347,-0.3478,0.0372,-0.3831,0.596733333,-0.296,0.1602
-7,-0.6199,0.0152,-0.6033,0.0171,-0.5689,0.0196,-0.5261,0.0226,-0.5642,0.498183333,-0.2589,0.1417
-6,-0.5881,0.0125,-0.6177,0.0125,-0.6437,0.0127,-0.6738,0.0131,-0.6327,0.399633333,-0.2216,0.1232
-5,-0.4828,0.0105,-0.5087,0.011,-0.5345,0.0114,-0.5732,0.0123,-0.5147,0.3055,-0.1839,0.1047
-4,-0.3803,0.0105,-0.4,0.0107,-0.4209,0.0109,-0.4502,0.0115,-0.5138,0.1937,-0.1462,0.0862
-3,-0.2778,0.0105,-0.2913,0.0105,-0.3073,0.0106,-0.3272,0.011,-0.391,0.1084,-0.1086,0.0677
-2,-0.1753,0.0105,-0.1826,0.0103,-0.1937,0.0104,-0.2042,0.0106,-0.2483,0.0496,-0.0709,0.0492
-1,-0.0728,0.0105,-0.0739,0.0102,-0.0801,0.0102,-0.0812,0.0104,-0.1056,0.0173,-0.0333,0.0307
0,0.0297,0.0105,0.0348,0.0102,0.0335,0.0102,0.0418,0.0104,0.0371,0.0112,0.0054,0.017
1,0.1322,0.0105,0.1435,0.0103,0.1471,0.0103,0.1648,0.0105,0.1798,0.0308,0.0431,0.0352
2,0.2347,0.0105,0.2522,0.0104,0.2607,0.0105,0.2878,0.0109,0.3225,0.0769,0.0807,0.0534
3,0.3372,0.0105,0.3609,0.0106,0.3743,0.0108,0.4108,0.0113,0.4652,0.1494,0.1184,0.0716
4,0.4397,0.0105,0.4696,0.0109,0.4879,0.0112,0.5338,0.012,0.5143,0.2485,0.156,0.0898
5,0.5422,0.0105,0.5783,0.0112,0.6015,0.0117,0.6568,0.0165,0.5152,0.3741,0.1937,0.108
6,0.6447,0.0106,0.687,0.0116,0.7151,0.0123,0.7798,0.0317,0.516,0.5261,0.2313,0.1262
7,0.7472,0.0116,0.7957,0.0122,0.8287,0.0132,0.8406,0.0577,0.5169,0.7047,0.269,0.1444
8,0.8497,0.014,0.9044,0.0151,0.9423,0.0183,0.8222,0.0945,0.5194,0.8957,0.3066,0.1626
9,0.9522,0.0178,1.013,0.021,1.014,0.0286,0.8037,0.142,0.5475,0.8801,0.3443,0.1808
10,1.055,0.0229,1.122,0.0299,0.9178,0.0444,0.7853,0.2004,0.5756,0.8644,0.3819,0.199
11,1.157,0.0293,1.08,0.0418,0.8217,0.0655,0.7669,0.2695,0.6037,0.8488,0.4196,0.2172
12,1.113,0.0371,0.8306,0.0566,0.7607,0.0913,0.7618,0.3254,0.6318,0.8332,0.4572,0.2354
13,0.8378,0.0462,0.8018,0.0828,0.7815,0.1174,0.7827,0.3383,0.6599,0.8176,0.4949,0.2536
14,0.8526,0.0765,0.8215,0.111,0.8024,0.1436,0.8035,0.3512,0.6879,0.802,0.5325,0.2718
15,0.8702,0.1069,0.8412,0.1393,0.8232,0.1698,0.8244,0.3641,0.716,0.7864,0.5702,0.29
16,0.8879,0.1374,0.8608,0.1676,0.8441,0.196,0.8452,0.377,0.7441,0.7707,0.6078,0.3082
17,0.9055,0.1679,0.8805,0.1958,0.865,0.2222,0.8661,0.39,0.7722,0.7551,0.6454,0.3264
18,0.9232,0.1983,0.9002,0.2241,0.8858,0.2484,0.8869,0.4029,0.8003,0.7395,0.6831,0.3446
19,0.9409,0.2288,0.9199,0.2523,0.9067,0.2746,0.9077,0.4158,0.8284,0.7239,0.7207,0.3628
20,0.9585,0.2593,0.9395,0.2806,0.9275,0.3008,0.9286,0.4287,0.8564,0.7083,0.7584,0.381
21,0.9617,0.2898,0.9458,0.31,0.9334,0.33,0.9383,0.44,0.8722,0.6927,0.7658,0.3992
22,0.9644,0.3203,0.9517,0.33,0.9384,0.35,0.9476,0.46,0.8874,0.6771,0.7922,0.4174
23,0.9669,0.3508,0.9573,0.35,0.9434,0.37,0.9568,0.48,0.9021,0.6615,0.8167,0.4356
24,0.9692,0.3813,0.9628,0.37,0.9486,0.39,0.9657,0.5,0.9164,0.6459,0.8395,0.4538
25,0.9715,0.4118,0.9681,0.39,0.954,0.41,0.9745,0.52,0.9303,0.6303,0.8607,0.472
26,0.9739,0.4423,0.9734,0.41,0.9595,0.43,0.9832,0.54,0.9437,0.6147,0.8806,0.4902
27,0.9764,0.4728,0.9786,0.43,0.9652,0.45,0.9918,0.56,0.9567,0.5991,0.8992,0.5084
28,0.9791,0.5033,0.9839,0.45,0.971,0.47,1.0001,0.58,0.9693,0.5835,0.9168,0.5266
29,0.9818,0.5338,0.989,0.47,0.9769,0.49,1.0083,0.6,0.9813,0.5679,0.9333,0.5448
30,0.9846,0.5643,0.9941,0.49,0.9828,0.51,1.0163,0.62,0.993,0.5523,0.9491,0.563
31,0.9874,0.5948,0.9991,0.51,0.9887,0.53,1.024,0.64,1.0041,0.5367,0.964,0.5812
32,0.9903,0.6253,1.0039,0.53,0.9945,0.55,1.0315,0.66,1.0146,0.5142,0.9781,0.5994
33,0.9931,0.6558,1.0085,0.55,1.0001,0.57,1.0385,0.68,1.0246,0.5451,0.9914,0.6176
34,0.9958,0.68,1.0129,0.57,1.0055,0.59,1.0453,0.7,1.034,0.5765,1.0041,0.6358
35,0.9983,0.7,1.017,0.59,1.0106,0.61,1.0515,0.72,1.0428,0.6084,1.0159,0.654
36,1.0007,0.72,1.0208,0.61,1.0154,0.63,1.0574,0.74,1.0509,0.6407,1.027,0.6722
37,1.0027,0.74,1.0242,0.63,1.0198,0.65,1.0627,0.76,1.0584,0.6733,1.0372,0.6904
38,1.0045,0.76,1.0272,0.65,1.0237,0.67,1.0674,0.78,1.0651,0.7063,1.0466,0.7086
39,1.0059,0.78,1.0297,0.6747,1.0272,0.69,1.0716,0.8,1.0711,0.7396,1.0552,0.764
40,1.007,0.8,1.0317,0.706,1.0302,0.7324,1.0751,0.82,1.0763,0.7731,1.0628,0.8053
41,1.0075,0.82,1.0332,0.7375,1.0326,0.7646,1.078,0.84,1.0807,0.8068,1.0696,0.8464
42,1.0076,0.84,1.0341,0.7691,1.0343,0.797,1.0802,0.86,1.0843,0.8407,1.0754,0.8873
43,1.0072,0.86,1.0344,0.8008,1.0355,0.8294,1.0817,0.88,1.0871,0.8747,1.0803,0.928
44,1.0062,0.88,1.0341,0.8325,1.0359,0.8619,1.0824,0.9,1.089,0.9087,1.0842,0.9685
45,1.0046,0.9,1.033,0.8642,1.0356,0.8944,1.0824,0.918,1.09,0.9428,1.087,1.0088
46,1.0023,0.92,1.0313,0.896,1.0346,0.9269,1.0815,0.9513,1.0901,0.9769,1.0889,1.0488
47,0.9995,0.94,1.0289,0.9276,1.0329,0.9594,1.0798,0.9846,1.0893,1.011,1.0897,1.0886
48,0.9959,0.96,1.0257,0.9592,1.0303,0.9917,1.0773,1.0177,1.0876,1.0449,1.0895,1.128
49,0.9916,0.98,1.0218,0.9906,1.0269,1.0239,1.0739,1.0507,1.0849,1.0788,1.0881,1.1671
50,0.9866,1,1.017,1.0219,1.0227,1.0559,1.0696,1.0836,1.0812,1.1124,1.0857,1.2059
51,0.9809,1.022,1.0115,1.053,1.0176,1.0877,1.0644,1.1162,1.0766,1.1459,1.0823,1.2442
52,0.9744,1.0521,1.0051,1.0838,1.0117,1.1192,1.0583,1.1486,1.071,1.179,1.0777,1.2821
53,0.9671,1.0818,0.9979,1.1143,1.0049,1.1505,1.0512,1.1807,1.0644,1.2119,1.072,1.3196
54,0.959,1.1113,0.9898,1.1445,0.9972,1.1814,1.0433,1.2125,1.0568,1.2445,1.0652,1.3566
55,0.9501,1.1404,0.9809,1.1744,0.9886,1.212,1.0343,1.2439,1.0482,1.2767,1.0573,1.3931
56,0.9404,1.1691,0.9712,1.2038,0.9791,1.2422,1.0245,1.2748,1.0386,1.3085,1.0484,1.429
57,0.9299,1.1974,0.9606,1.2329,0.9687,1.2719,1.0137,1.3054,1.028,1.3398,1.0383,1.4644
58,0.9185,1.2252,0.9491,1.2615,0.9574,1.3012,1.0019,1.3355,1.0164,1.3706,1.027,1.4991
59,0.9064,1.2526,0.9367,1.2896,0.9452,1.33,0.9892,1.365,1.0038,1.401,1.0147,1.5332
60,0.8934,1.2794,0.9234,1.3172,0.932,1.3582,0.9755,1.394,0.9902,1.4307,1.0013,1.5666
61,0.8796,1.3057,0.9093,1.3442,0.918,1.3859,0.9609,1.4225,0.9756,1.4599,0.9869,1.5993
62,0.8649,1.3314,0.8943,1.3706,0.903,1.4129,0.9453,1.4503,0.96,1.4884,0.9713,1.6312
63,0.8494,1.3566,0.8785,1.3964,0.8871,1.4393,0.9287,1.4774,0.9434,1.5163,0.9547,1.6624
64,0.8331,1.3811,0.8617,1.4216,0.8704,1.4651,0.9113,1.5039,0.9259,1.5435,0.937,1.6927
65,0.816,1.4049,0.8442,1.4461,0.8527,1.4902,0.8929,1.5297,0.9074,1.5699,0.9182,1.7222
66,0.7981,1.428,0.8258,1.4698,0.8342,1.5145,0.8736,1.5547,0.8879,1.5956,0.8985,1.7509
67,0.7794,1.4505,0.8065,1.4929,0.8147,1.5381,0.8534,1.579,0.8675,1.6205,0.8777,1.7786
68,0.7599,1.4721,0.7865,1.5151,0.7945,1.5609,0.8323,1.6024,0.8462,1.6445,0.856,1.8054
69,0.7397,1.493,0.7656,1.5366,0.7734,1.5829,0.8103,1.625,0.8239,1.6678,0.8332,1.8312
70,0.7187,1.5132,0.7439,1.5573,0.7515,1.6041,0.7874,1.6468,0.8008,1.6901,0.8095,1.856
71,0.6969,1.5325,0.7215,1.5771,0.7287,1.6244,0.7638,1.6677,0.7768,1.7115,0.7849,1.8798
72,0.6744,1.5509,0.6983,1.5961,0.7052,1.6438,0.7393,1.6876,0.752,1.732,0.7594,1.9025
73,0.6512,1.5685,0.6744,1.6142,0.6809,1.6623,0.714,1.7067,0.7263,1.7516,0.7329,1.9242
74,0.6274,1.5852,0.6497,1.6314,0.6559,1.6799,0.6879,1.7248,0.6998,1.7702,0.7057,1.9448
75,0.6028,1.601,0.6243,1.6476,0.6301,1.6965,0.6611,1.7419,0.6726,1.7877,0.6776,1.9643
76,0.5776,1.6159,0.5983,1.6629,0.6036,1.7122,0.6335,1.758,0.6446,1.8043,0.6486,1.9826
77,0.5518,1.6299,0.5716,1.6773,0.5765,1.7269,0.6052,1.7731,0.6159,1.8198,0.6189,1.9998
78,0.5254,1.6429,0.5443,1.6907,0.5487,1.7405,0.5763,1.7872,0.5865,1.8342,0.5885,2.0158
79,0.4984,1.655,0.5164,1.703,0.5203,1.7532,0.5467,1.8002,0.5564,1.8476,0.5574,2.0306
80,0.4709,1.666,0.488,1.7144,0.4913,1.7648,0.5165,1.8121,0.5257,1.8599,0.5255,2.0442
81,0.4428,1.6761,0.459,1.7248,0.4617,1.7754,0.4857,1.823,0.4943,1.8711,0.4931,2.0565
82,0.4143,1.6851,0.4294,1.7341,0.4316,1.7849,0.4544,1.8328,0.4625,1.8811,0.46,2.0676
83,0.3853,1.6932,0.3994,1.7423,0.401,1.7933,0.4225,1.8415,0.43,1.89,0.4263,2.0775
84,0.3558,1.7002,0.369,1.7495,0.37,1.8006,0.3901,1.8491,0.3971,1.8978,0.3921,2.0861
85,0.326,1.7062,0.3381,1.7557,0.3385,1.8069,0.3573,1.8555,0.3637,1.9045,0.3574,2.0934
86,0.2958,1.7111,0.3068,1.7608,0.3066,1.812,0.3241,1.8608,0.3299,1.9099,0.3223,2.0995
87,0.2653,1.715,0.2752,1.7648,0.2743,1.8161,0.2905,1.865,0.2957,1.9142,0.2867,2.1043
88,0.2344,1.7179,0.2433,1.7677,0.2417,1.819,0.2566,1.8681,0.2611,1.9174,0.2507,2.1077
89,0.2033,1.7197,0.2111,1.7695,0.2088,1.8209,0.2224,1.87,0.2263,1.9193,0.2144,2.1099
90,0.172,1.7204,0.1787,1.7703,0.1757,1.8216,0.1879,1.8707,0.1911,1.9201,0.1779,2.1108
91,0.1405,1.7201,0.1461,1.7699,0.1423,1.8212,0.1532,1.8704,0.1558,1.9198,0.141,2.1104
92,0.1088,1.7187,0.1133,1.7685,0.1088,1.8197,0.1183,1.8688,0.1202,1.9182,0.104,2.1087
93,0.077,1.7163,0.0803,1.766,0.0752,1.8171,0.0832,1.8662,0.0845,1.9155,0.0667,2.1057
94,0.0451,1.7128,0.0473,1.7625,0.0414,1.8134,0.0481,1.8624,0.0487,1.9116,0.0294,2.1014
95,0.0132,1.7083,0.0142,1.7578,0.0076,1.8085,0.0129,1.8574,0.0129,1.9065,-0.008,2.0958
96,-0.0188,1.7028,-0.0188,1.7521,-0.0262,1.8026,-0.0222,1.8513,-0.023,1.9003,-0.0454,2.089
97,-0.0507,1.6962,-0.0519,1.7453,-0.06,1.7956,-0.0574,1.8442,-0.0588,1.8929,-0.0829,2.0809
98,-0.0825,1.6886,-0.0848,1.7375,-0.0937,1.7875,-0.0925,1.8359,-0.0945,1.8844,-0.1202,2.0715
99,-0.1142,1.6799,-0.1177,1.7286,-0.1273,1.7783,-0.1274,1.8265,-0.1302,1.8748,-0.1575,2.0609
100,-0.1458,1.6703,-0.1503,1.7187,-0.1607,1.7681,-0.1622,1.816,-0.1656,1.864,-0.1945,2.0491
101,-0.1772,1.6597,-0.1828,1.7078,-0.1939,1.7568,-0.1968,1.8044,-0.2009,1.8522,-0.2314,2.036
102,-0.2083,1.6481,-0.2151,1.6959,-0.2269,1.7445,-0.2311,1.7918,-0.2359,1.8392,-0.268,2.0218
103,-0.2392,1.6356,-0.247,1.683,-0.2596,1.7312,-0.2651,1.7781,-0.2706,1.8252,-0.3044,2.0063
104,-0.2697,1.6221,-0.2787,1.6691,-0.292,1.7169,-0.2988,1.7634,-0.3049,1.8101,-0.3404,1.9898
105,-0.3,1.6077,-0.31,1.6542,-0.324,1.7016,-0.332,1.7477,-0.3388,1.794,-0.3759,1.972
106,-0.3298,1.5923,-0.3408,1.6384,-0.3556,1.6853,-0.3649,1.7311,-0.3724,1.7769,-0.4111,1.9532
107,-0.3592,1.5761,-0.3713,1.6217,-0.3868,1.6681,-0.3972,1.7134,-0.4054,1.7588,-0.4457,1.9332
108,-0.3881,1.559,-0.4012,1.6041,-0.4174,1.65,-0.4291,1.6948,-0.4379,1.7397,-0.4799,1.9122
109,-0.4165,1.5411,-0.4306,1.5857,-0.4475,1.631,-0.4604,1.6752,-0.4698,1.7196,-0.5134,1.8902
110,-0.4444,1.5223,-0.4595,1.5663,-0.477,1.6111,-0.4911,1.6548,-0.5011,1.6986,-0.5463,1.8671
111,-0.4717,1.5027,-0.4877,1.5462,-0.5059,1.5903,-0.5211,1.6335,-0.5318,1.6768,-0.5786,1.843
112,-0.4984,1.4823,-0.5153,1.5252,-0.5342,1.5687,-0.5504,1.6113,-0.5618,1.654,-0.6101,1.818
113,-0.5244,1.4612,-0.5423,1.5035,-0.5617,1.5464,-0.5791,1.5884,-0.591,1.6304,-0.6409,1.792
114,-0.5671,1.4393,-0.5685,1.481,-0.5886,1.5232,-0.6069,1.5646,-0.6194,1.606,-0.6709,1.7652
115,-0.5914,1.4168,-0.5939,1.4578,-0.6146,1.4993,-0.634,1.54,-0.647,1.5808,-0.7,1.7375
116,-0.6149,1.3935,-0.6366,1.4338,-0.6398,1.4747,-0.6601,1.5148,-0.6738,1.5549,-0.7283,1.7089
117,-0.6377,1.3696,-0.6601,1.4093,-0.6642,1.4494,-0.6855,1.4888,-0.6997,1.5282,-0.7556,1.6796
118,-0.6596,1.3451,-0.6828,1.384,-0.7014,1.4234,-0.7099,1.4621,-0.7246,1.5009,-0.7819,1.6495
119,-0.6807,1.32,-0.7046,1.3582,-0.7238,1.3969,-0.7333,1.4348,-0.7486,1.4728,-0.8073,1.6187
120,-0.7009,1.2944,-0.7255,1.3318,-0.7452,1.3697,-0.7557,1.4069,-0.7715,1.4442,-0.8316,1.5872
121,-0.7202,1.2682,-0.7454,1.3049,-0.7657,1.342,-0.7942,1.3785,-0.7934,1.415,-0.8549,1.5551
122,-0.7386,1.2415,-0.7644,1.2774,-0.7852,1.3137,-0.8143,1.3494,-0.8143,1.3852,-0.877,1.5223
123,-0.756,1.2144,-0.7824,1.2495,-0.8037,1.285,-0.8334,1.3199,-0.834,1.3549,-0.898,1.489
124,-0.7724,1.1868,-0.7993,1.2211,-0.8211,1.2558,-0.8514,1.29,-0.8527,1.3241,-0.9178,1.4552
125,-0.7878,1.1589,-0.8152,1.1924,-0.8374,1.2262,-0.8682,1.2595,-0.8701,1.2929,-0.9364,1.4208
126,-0.8022,1.1305,-0.83,1.1632,-0.8526,1.1962,-0.8839,1.2287,-0.9037,1.2613,-0.9538,1.3861
127,-0.8155,1.1019,-0.8437,1.1337,-0.8667,1.1659,-0.8985,1.1976,-0.9186,1.2293,-0.9699,1.3509
128,-0.8277,1.073,-0.8563,1.104,-0.8796,1.1353,-0.9118,1.1661,-0.9323,1.197,-0.9847,1.3154
129,-0.8388,1.0438,-0.8678,1.0739,-0.8914,1.1044,-0.9239,1.1344,-0.9447,1.1644,-0.9982,1.2795
130,-0.8488,1.0144,-0.8781,1.0437,-0.902,1.0732,-0.9348,1.1024,-0.9559,1.1316,-1.0104,1.2434
131,-0.8576,0.9848,-0.8872,1.0132,-0.9113,1.0419,-0.9444,1.0702,-0.9658,1.0986,-1.0213,1.2071
132,-0.8654,0.955,-0.8951,0.9826,-0.9195,1.0104,-0.9528,1.0379,-0.9744,1.0654,-1.0307,1.1706
133,-0.8719,0.9252,-0.9018,0.9519,-0.9264,0.9788,-0.9599,1.0054,-0.9817,1.032,-1.0388,1.1339
134,-0.8773,0.8952,-0.9074,0.9211,-0.9321,0.9471,-0.9657,0.9729,-0.9877,0.9986,-1.0454,1.0972
135,-0.8815,0.8653,-0.9117,0.8902,-0.9365,0.9154,-0.9701,0.9403,-0.9923,0.9652,-1.0507,1.0604
136,-0.8845,0.8353,-0.9147,0.8594,-0.9396,0.8837,-0.9733,0.9077,-0.9956,0.9317,-1.0545,1.0236
137,-0.8864,0.8053,-0.9166,0.8286,-0.9415,0.852,-0.9752,0.8751,-0.9976,0.8983,-1.0569,0.9869
138,-0.887,0.7755,-0.9172,0.7978,-0.9422,0.8204,-0.9757,0.8426,-0.9982,0.8649,-1.0578,0.9502
139,-0.8864,0.7457,-0.9165,0.7672,-0.9415,0.7889,-0.9749,0.8103,-0.9975,0.8317,-1.0573,0.9137
140,-0.8847,0.7161,-0.9147,0.7367,-0.9396,0.7575,-0.9728,0.7781,-0.9954,0.7987,-1.0553,0.8774
141,-0.8817,0.6867,-0.9116,0.7065,-0.9364,0.7264,-0.9694,0.7461,-0.992,0.7658,-1.0519,0.8413
142,-0.8776,0.6575,-0.9072,0.6764,-0.9319,0.6955,-0.9647,0.7143,-0.9872,0.7332,-1.0471,0.8054
143,-0.8723,0.6285,-0.9017,0.6466,-0.9262,0.6648,-0.9587,0.6828,-0.9811,0.7009,-1.0407,0.7699
144,-0.8658,0.5998,-0.8949,0.6171,-0.9192,0.6344,-0.9514,0.6516,-0.9736,0.6689,-1.033,0.7347
145,-0.8581,0.5715,-0.8869,0.5879,-0.911,0.6044,-0.9428,0.6208,-0.9649,0.6372,-1.0238,0.6999
146,-0.8493,0.5435,-0.8778,0.5591,-0.9016,0.5748,-0.9329,0.5904,-0.9548,0.606,-1.0132,0.6655
147,-0.8394,0.5159,-0.8674,0.5307,-0.891,0.5456,-0.9218,0.5604,-0.9435,0.5751,-1.0012,0.6316
148,-0.8284,0.4887,-0.8559,0.5027,-0.8791,0.5168,-0.9094,0.5308,-0.9308,0.5448,-0.9877,0.5983
149,-0.8162,0.462,-0.8433,0.4752,-0.8661,0.4885,-0.8958,0.5018,-0.917,0.515,-0.9729,0.5655
150,-0.803,0.4357,-0.8296,0.4482,-0.852,0.4608,-0.8811,0.4732,-0.9019,0.4857,-0.9568,0.5333
151,-0.7887,0.41,-0.8148,0.4218,-0.8367,0.4336,-0.8651,0.4453,-0.8855,0.457,-0.9392,0.5017
152,-0.7735,0.3849,-0.7989,0.3959,-0.8203,0.4069,-0.848,0.4179,-0.868,0.4289,-0.9204,0.4709
153,-0.7572,0.3603,-0.782,0.3706,-0.8029,0.3809,-0.8299,0.3912,-0.8494,0.4015,-0.9003,0.4407
154,-0.74,0.3363,-0.7641,0.3459,-0.7844,0.3556,-0.8106,0.3652,-0.8296,0.3747,-0.8789,0.4113
155,-0.7218,0.313,-0.7452,0.322,-0.765,0.3309,-0.7903,0.3398,-0.8087,0.3487,-0.8562,0.3827
156,-0.7028,0.2904,-0.7255,0.2987,-0.7445,0.307,-0.769,0.3152,-0.7868,0.3235,-0.8324,0.3549
157,-0.683,0.2685,-0.7048,0.2761,-0.7232,0.2837,-0.7467,0.2914,-0.7638,0.299,-0.8074,0.328
158,-0.6624,0.2472,-0.6834,0.2543,-0.701,0.2613,-0.7234,0.2683,-0.7398,0.2753,-0.7812,0.302
159,-0.6411,0.2268,-0.6612,0.2332,-0.678,0.2396,-0.6993,0.246,-0.7149,0.2524,-0.7539,0.2769
160,-0.6192,0.2071,-0.6383,0.2129,-0.6542,0.2188,-0.6744,0.2246,-0.6891,0.2305,-0.7256,0.2527
161,-0.5967,0.1882,-0.6147,0.1935,-0.6297,0.1988,-0.6487,0.2041,-0.6624,0.2094,-0.6962,0.2296
162,-0.5738,0.1702,-0.5906,0.1749,-0.6045,0.1797,-0.6222,0.1845,-0.6349,0.1893,-0.6658,0.2074
163,-0.5505,0.153,-0.566,0.1572,-0.5788,0.1615,-0.5951,0.1658,-0.6066,0.17,-0.6345,0.1863
164,-0.5269,0.1366,-0.5411,0.1404,-0.5526,0.1442,-0.5673,0.148,-0.5776,0.1518,-0.6023,0.1663
165,-0.5032,0.1212,-0.5159,0.1245,-0.526,0.1279,-0.539,0.1312,-0.5478,0.1346,-0.5692,0.1473
166,-0.4796,0.1066,-0.4905,0.1095,-0.499,0.1125,-0.5101,0.1154,-0.5174,0.1183,-0.5353,0.1295
167,-0.4562,0.093,-0.4651,0.0955,-0.4718,0.0981,-0.4808,0.1006,-0.4864,0.1031,-0.5006,0.1127
168,-0.4333,0.0803,-0.4398,0.0825,-0.4444,0.0846,-0.4511,0.0868,-0.4548,0.089,-0.4652,0.0972
169,-0.411,0.0686,-0.4148,0.0704,-0.417,0.0722,-0.4211,0.0741,-0.4227,0.0759,-0.4292,0.0828
170,-0.3896,0.0578,-0.3902,0.0594,-0.3896,0.0609,-0.3907,0.0624,-0.3901,0.0639,-0.3926,0.0696
171,-0.369,0.0481,-0.366,0.0493,-0.3623,0.0505,-0.3601,0.0517,-0.3569,0.053,-0.3554,0.0576
172,-0.3494,0.0393,-0.3423,0.0403,-0.335,0.0412,-0.3291,0.0422,-0.3231,0.0432,-0.3177,0.0469
173,-0.33,0.0315,-0.3187,0.0323,-0.3075,0.033,-0.2976,0.0338,-0.2888,0.0345,-0.2795,0.0373
174,-0.3095,0.0248,-0.2945,0.0253,-0.2794,0.0259,-0.2655,0.0264,-0.2538,0.027,-0.2409,0.0291
175,-0.2854,0.0191,-0.2682,0.0194,-0.2499,0.0198,-0.2323,0.0202,-0.2179,0.0206,-0.202,0.022
176,-0.2541,0.0144,-0.2374,0.0146,-0.2176,0.0149,-0.1973,0.0151,-0.1809,0.0153,-0.1628,0.0163
177,-0.2115,0.0107,-0.1988,0.0109,-0.1802,0.011,-0.1596,0.0111,-0.1424,0.0113,-0.1234,0.0118
178,-0.1552,0.0081,-0.1488,0.0082,-0.1349,0.0082,-0.1175,0.0083,-0.1018,0.0083,-0.0839,0.0086
179,-0.0863,0.0065,-0.0855,0.0065,-0.0786,0.0066,-0.0689,0.0066,-0.0584,0.0066,-0.0442,0.0066
180,-0.0087,0.006,-0.0099,0.006,-0.0094,0.006,-0.0111,0.006,-0.011,0.006,-0.0044,0.006
180,-0.0087,0.006,-0.0099,0.006,-0.0094,0.006,-0.0111,0.006,-0.011,0.006,-0.0053,0.006